[{"name":"theme_info","theme_name":"Ss_AutoParts","theme_author":"Magentech","theme_version":"1.0.0","theme_documentation_url":"https:\/\/revotheme.com\/documentation\/ss-bigsale\/index.html","theme_support_url":"https:\/\/support.ytcvn.com\/home.html"},{"name":"General Options","settings":[{"type":"header","content":"Theme Settings"},{"type":"image_picker","id":"favicon","label":"Favicon image","info":"Will be scaled down to 32 x 32px"},{"type":"header","content":"Logo Nav Mobile"},{"type":"checkbox","id":"logo_img_nav","label":"Use logo image","default":false},{"type":"text","id":"logo_max_width_nav","label":"Custom logo width (in pixels)","default":"120"},{"type":"header","content":"Effect Banner All Site"},{"type":"select","id":"effect","label":"Select Header Page Layout","options":[{"value":"effect_none","label":"None Effect"},{"value":"effect_1","label":"Effect 1"},{"value":"effect_2","label":"Effect 2"},{"value":"effect_3","label":"Effect 3"},{"value":"effect_4","label":"Effect 4"},{"value":"effect_5","label":"Effect 5"},{"value":"effect_6","label":"Effect 6"},{"value":"effect_7","label":"Effect 7"},{"value":"effect_8","label":"Effect 8"},{"value":"effect_9","label":"Effect 9"},{"value":"effect_10","label":"Effect 10"},{"value":"effect_11","label":"Effect 11"},{"value":"effect_12","label":"Effect 12"}],"default":"effect_1"},{"type":"header","content":"Go To Top"},{"type":"checkbox","id":"gotop_enable","label":"Enable go top"},{"type":"checkbox","id":"gotopmobile_enable","label":"Show on mobile"},{"type":"header","content":"Loading Site"},{"type":"checkbox","id":"loading_enable","label":"Enable loading","default":false},{"type":"image_picker","id":"img_loading","label":"Img Loading"},{"type":"header","content":"Breadcrumb"},{"type":"color","id":"breadcrumb_bgcolor","label":"Background Color","default":"#F5F5F5"},{"type":"color","id":"breadcrumb_textcolor","label":"Text color","default":"#ffffff"},{"type":"checkbox","id":"breadcrumb_bgimage","label":"Use background image"},{"type":"image_picker","id":"bg_breadcrumb","label":"Background image","info":"Default size: 1920x300 pixels"},{"type":"header","content":"Stickey Menu Header"},{"type":"checkbox","id":"header_float_enable","label":"Enable float header"},{"type":"header","content":"Evento Buy Link"},{"type":"page","id":"pay_page","label":"Evento Buy Link"}]},{"name":"Header","settings":[{"type":"checkbox","id":"display_header_top","label":"Display Header Top?","default":true},{"type":"color","id":"headertop_bgcolor","label":"Background Color","default":"#fff"},{"type":"color","id":"text_headertop_color","label":"Text Color","default":"#666666"},{"type":"color","id":"border_headertop_color","label":"Border Color","default":"#f2f2f2"},{"type":"checkbox","id":"display_currency","label":"Display Currency?","default":true},{"type":"checkbox","id":"display_acc","label":"Display Account?","default":true},{"type":"checkbox","id":"display_wishlist","label":"Display Wishlist?","default":true},{"type":"checkbox","id":"display_check","label":"Display Checkout?","default":true},{"type":"header","content":"Header Center"},{"type":"color","id":"headerct_bgcolor","label":"Background Color","default":"#eeeeee"},{"type":"color","id":"border_headerct_color","label":"Border Color","default":"#cdcdcd"},{"type":"color","id":"text_headerct_color","label":"Text Color","default":"#fff"},{"type":"text","id":"logo_text","label":"Logo text","default":"Logo"},{"type":"checkbox","id":"logo_img","label":"Use logo image","default":false},{"type":"image_picker","id":"logo","label":"Logo image"},{"type":"text","id":"logo_max_width","label":"Custom logo width (in pixels)","default":"100"},{"type":"image_picker","id":"logo_mobile","label":"Logo image is used mobile"}]},{"name":"Layout Design","settings":[{"type":"header","content":"Page Layout"},{"type":"checkbox","id":"enable_rtl","label":"Enable Layout RTL?"},{"type":"header","content":"Page Type"},{"type":"select","id":"wrapper_page_type","label":"Page type","options":[{"value":"wrapper-full","label":"Fullwidth"},{"value":"wrapper-boxed","label":"Boxed"},{"value":"wrapper-rounded","label":"Rounded"},{"value":"wrapper-iframed","label":"Iframed"}],"default":"wrapper-full"},{"type":"header","content":"Background"},{"type":"radio","id":"bg_body_img","label":"Background image","options":[{"value":"bg-body.png","label":"Uploaded image"},{"value":"none","label":"Solid color (no image)"}]},{"type":"image","id":"bg-body.png","label":"Upload a new image","max-width":2000,"max-height":2000},{"type":"color","id":"bg_body_color","label":"Background color","default":"#fff"},{"type":"radio","id":"bg_body_position_x","label":"Horizontal position","options":[{"value":"left","label":"Left"},{"value":"center","label":"Center"},{"value":"right","label":"Right"}]},{"type":"radio","id":"bg_body_position_y","label":"Vertical position","options":[{"value":"top","label":"Top"},{"value":"center","label":"Center"},{"value":"bottom","label":"Bottom"}]},{"type":"select","id":"bg_body_repeat","label":"Repeat","options":[{"value":"repeat","label":"Horizontally and vertically"},{"value":"repeat-x","label":"Horizontally only"},{"value":"repeat-y","label":"Vertically only"},{"value":"no-repeat","label":"Don't repeat"}]},{"type":"select","id":"bg_body_attachment","label":"Attachment","options":[{"value":"scroll","label":"Scroll"},{"value":"fixed","label":"Fixed"}]}]},{"name":"Typography","settings":[{"type":"header","content":"Font Body","info":"Used for Body Text"},{"type":"radio","id":"font_body","label":"Select font type:","options":[{"value":"google_fonts","label":"Google Fonts [Where do I find Google Fonts?](http:\/\/www.google.com\/fonts)"}],"default":"google_fonts"},{"type":"text","id":"fonts_body","label":"Fonts Body","default":"Open Sans"},{"type":"range","id":"body_fontsize","min":12,"max":18,"step":1,"unit":"px","label":"Font size for Body","default":13},{"type":"header","content":"Font Heading","info":"Used for Heading Title,.."},{"type":"radio","id":"font_heading","label":"Select font type:","options":[{"value":"google_fonts","label":"Google Fonts [Where do I find Google Fonts?](http:\/\/www.google.com\/fonts)"}],"default":"google_fonts"},{"type":"text","id":"fonts_heading","label":"Fonts Heading","default":"Open Sans"},{"type":"range","id":"heading_fontsize","min":12,"max":18,"step":1,"unit":"px","label":"Font size for Heading","default":16},{"type":"header","content":"Font Custom"},{"type":"paragraph","content":"Used for Font Custom"},{"type":"radio","id":"font_custom","label":"Select font type:","options":[{"value":"google_fonts","label":"Google Fonts [Where do I find Google Fonts?](http:\/\/www.google.com\/fonts)"}],"default":"google_fonts"},{"type":"text","id":"fonts_custom","label":"Fonts Custom","default":"Roboto Condensed"},{"type":"range","id":"custom_fontsize","min":12,"max":18,"step":1,"unit":"px","label":"Font size for Heading","default":13}]},{"name":"Style Colors","settings":[{"type":"header","content":"Main Colors"},{"type":"color","id":"color_base","label":"Primary color","default":"#F4A137"},{"type":"color","id":"color_body_text","label":"Body text color","default":"#666"},{"type":"color","id":"color_link","label":"Link color","default":"#444"},{"type":"color","id":"body_text_hover","label":"Body link text hover, active","default":"#F4A137"},{"type":"color","id":"color_border","label":"Border color","default":"#ddd"},{"type":"header","content":"Product Item"},{"type":"color","id":"color_prtitle","label":"Title Color","default":"#444444"},{"type":"color","id":"color_prtitlehover","label":"Title Hover Color","default":"#F4A137"},{"type":"header","content":"Product Item Label"},{"type":"color","id":"color_sale_bg","label":"Sale Color","default":"#dc9814"},{"type":"color","id":"color_new_bg","label":"New Color","default":"#222"},{"type":"color","id":"color_hot_bg","label":"Hot Background","default":"#ec0101"},{"type":"color","id":"color_sold_out_bg","label":"Sold Out Background","default":"#999"},{"type":"header","content":"Price"},{"type":"color","id":"color_price","label":"New Price Color","default":"#666666"},{"type":"color","id":"color_oldprice","label":"Old Price Color","default":"#fa6b6b"},{"type":"header","content":"Primary action button"},{"type":"color","id":"color_btntext","label":"Text Color","default":"#444"},{"type":"color","id":"color_btntext_hover","label":"Text Hover Color","default":"#fff"},{"type":"color","id":"color_btnbg","label":"Background Color","default":"#fff"},{"type":"color","id":"color_btnbg_hover","label":"Background Active Color","default":"#F4A137"},{"type":"header","content":"Secondary action button"},{"type":"color","id":"color_btntext2","label":"Text Color","default":"#444"},{"type":"color","id":"color_btntext_hover2","label":"Text Hover Color","default":"#fff"},{"type":"color","id":"color_btnbg2","label":"Background Color","default":"#fff"},{"type":"color","id":"color_btnbg_hover2","label":"Background Active Color","default":"#F4A137"},{"type":"color","id":"color_btnline","label":"Border Color","default":"#f5f5f5"},{"type":"color","id":"color_btnline_hover","label":"Border Hover Color","default":"#F4A137"},{"type":"header","content":"Stars"},{"type":"color","id":"color_startbase","label":"Empty Star Color","default":"#ffffff"}]},{"name":"Sidebar","settings":[{"type":"checkbox","id":"enable_collection_sidebar","label":"Enable Sidebar Collection Pages","default":true},{"type":"checkbox","id":"enable_blogs_sidebar","label":"Enable Sidebar Blogs Pages","default":true},{"type":"radio","id":"sidebar_position","label":"Show sidebar position","options":[{"value":"left","label":"Left"},{"value":"right","label":"Right"}],"default":"left"},{"type":"header","content":"Categories"},{"type":"checkbox","id":"enable_category_sidebar","label":"Enable Category Page Collection","default":true},{"type":"checkbox","id":"enable_product_sidebar","label":"Enable at Page Product","default":true},{"type":"text","id":"sidebar_categories_title","label":"Categories Block Title","default":"Categories"},{"type":"link_list","id":"categories_menu","label":"Choose a categories menu"},{"type":"header","content":"Featured Products Sidebar"},{"type":"checkbox","id":"enable_featured_collection","label":"Enable at Page Collection","default":true},{"type":"checkbox","id":"enable_featured_product_detail","label":"Enable at Page Product","default":true},{"type":"checkbox","id":"enable_featured_product_blogs","label":"Enable at Page Blog","default":true},{"type":"text","id":"featured_product_title","label":"Title","default":"Featured Products"},{"type":"collection","id":"featured_product_list_collection","label":"Collection to use"},{"type":"text","id":"featured_product_limit","label":"Number of products to show","default":"3"},{"type":"header","content":"Custom HTML Sidebar"},{"type":"checkbox","id":"enable_sidebar_collection","label":"Enable at Page Collection","default":true},{"type":"checkbox","id":"enable_sidebar_custom_detail","label":"Enable at Page Product","default":true},{"type":"checkbox","id":"enable_sidebar_custom_blog","label":"Enable at Page Blog","default":true},{"type":"text","id":"custom_html_title","label":"Custom HTML  Title","default":"Custom HTML Text"},{"type":"textarea","id":"custom_html_text","label":"Custom CMS Block Description"},{"type":"header","content":"Block Banner Sidebar"},{"type":"checkbox","id":"enable_banner_sidebar","label":"Enable at Page Collection","default":true},{"type":"checkbox","id":"enable_banner_sidebar_detail","label":"Enable at Page Product","default":true},{"type":"checkbox","id":"enable_banner_sidebar_blog","label":"Enable at Page Blog","default":true},{"type":"image_picker","id":"image_sidebar","label":"Banner Image Sidebar"},{"type":"url","id":"image_sidebar_link","label":"Banner Image Link","info":"Image link"},{"type":"header","content":"Sidebar only for Page Blog"},{"type":"checkbox","id":"enable_categories_blog","label":"Enable category blogs","default":true},{"type":"link_list","id":"blog_menu","label":"Blogs Categories menu","default":"main-menu"},{"type":"checkbox","id":"enable_recent_blog","label":"Enable recent post","default":true},{"type":"checkbox","id":"enable_instagram_blog","label":"Enable Instagram ?","default":true},{"type":"text","id":"instagram_title","label":"Title Instagram","default":"Instagram"},{"type":"text","id":"userid","label":"User Id (*)","placeholder":"User Id","default":"5513419399","info":"[Where do I find User ID?](https:\/\/smashballoon.com\/instagram-feed\/find-instagram-user-id\/)"},{"type":"text","id":"accessToken","label":"Access Token (*)","placeholder":"Access Token","default":"5513419399.1677ed0.8c2ac2981cd84c3ba3a6392e64fd567a","info":"[Where do I find Access Token?](http:\/\/instagram.pixelunion.net\/)"},{"type":"text","id":"limited","placeholder":"Ex:8","label":"Limit The Number of Images","default":"10"},{"type":"select","id":"resolution","label":"Resolution of images","options":[{"value":"thumbnail","label":"Thumbnail (150x150)"},{"value":"low_resolution","label":"Low Resolution (320x320)"},{"value":"standard_resolution","label":"Standard Resolution (640x640)"}]}]},{"name":"Page Collection","settings":[{"type":"header","content":"Product Item Grid settings"},{"type":"checkbox","id":"show-title","label":"Show title","default":true},{"type":"text","id":"limit_title","label":"Number of characters Product name","default":"20"},{"type":"checkbox","id":"show-vendor","label":"Show Vendor","default":false},{"type":"checkbox","id":"show-review","label":"Show reviews","default":true},{"type":"checkbox","id":"show-price","label":"Show price","default":true},{"type":"checkbox","id":"show-deals","label":"Show CountDown Deals","default":true},{"type":"checkbox","id":"show-gallery","label":"Show Gallery","default":true},{"type":"select","id":"gallery_tyle","label":"Page type","options":[{"value":"gallery-left","label":"Gallery Left"},{"value":"gallery-right","label":"Gallery Right"},{"value":"gallery-bottom","label":"Gallery Bottom"}],"default":"gallery-left"},{"type":"text","id":"limit_gallery","label":"Number item gallery show","default":"5"}]},{"name":"Page Product","settings":[{"type":"header","content":"Product Layout"},{"type":"select","id":"product_layout","label":"Product layout","default":"1col_fw","options":[{"value":"1col_fw","label":"1 column (Default)"},{"value":"1col","label":"Layout scroll media"},{"value":"2col_left","label":"2 Columns left"},{"value":"2col_right","label":"2 Columns right"}]},{"type":"select","id":"pp_grid","label":"Product info layout","default":"4","options":[{"value":"2","label":"20% - 80%"},{"value":"3","label":"30% - 70%"},{"value":"4","label":"40% - 60%"},{"value":"5","label":"50% - 50%"},{"value":"6","label":"60% - 40%"},{"value":"7","label":"70% - 30%"},{"value":"8","label":"80% - 20%"}]}]},{"name":"Language","settings":[{"type":"checkbox","id":"display_language","label":"Display Language?","default":true},{"type":"text","id":"title_language","label":"Title","default":"Language:"},{"type":"text","id":"default_language","label":"Default Language","default":"English"},{"type":"link_list","id":"linklist_language","label":"Language Link List"}]},{"name":"Currency","settings":[{"type":"paragraph","content":"To offer multiple currencies on your online store, you must first [edit your store's currency formatting](https:\/\/docs.shopify.com\/support\/settings\/general\/tell-my-script-where-to-find-money-formats)."},{"type":"checkbox","id":"show_multiple_currencies","label":"Enable currency conversion","default":true,"info":"Even though prices are displayed in different currencies, orders will still be processed in your store's currency."},{"type":"select","id":"currency_format","label":"Format","options":[{"value":"money_format","label":"Without currency ($10.00)"},{"value":"money_with_currency_format","label":"With currency ($10.00 CAD)"}],"default":"money_with_currency_format"},{"type":"text","id":"supported_currencies","label":"Supported currencies","default":"INR GBP CAD USD AUD EUR JPY","info":"Use the country's ISO [currency code](http:\/\/www.xe.com\/iso4217.php). Separate your currency codes with a space."},{"type":"text","id":"default_currency","label":"Default currency","default":"USD"}]},{"name":"Social Sidebar","settings":[{"type":"header","content":"Social home Setting"},{"type":"checkbox","id":"fixed_social","label":"Show Social Sidebar","default":true},{"type":"select","id":"position","label":"Position","options":[{"value":"right","label":"Right"},{"value":"left","label":"Left"}]},{"type":"text","id":"position_top","label":"Position Top (px)","default":"100"},{"type":"header","content":"Social accounts setting"},{"type":"text","id":"social_twitter_link","label":"Twitter","info":"https:\/\/twitter.com\/smartaddons"},{"type":"text","id":"social_facebook_link","label":"Facebook","info":"https:\/\/www.facebook.com\/SmartAddons.page"},{"type":"text","id":"social_google_link","label":"Google","info":"https:\/\/plus.google.com\/+Smartaddons\/posts"},{"type":"text","id":"social_pinterest_link","label":"Pinterest","info":"https:\/\/www.pinterest.com\/smartaddons\/"},{"type":"text","id":"social_instagram_link","label":"Instagram","info":"https:\/\/www.linkedin.com\/in\/smartaddons"},{"type":"text","id":"social_tumblr_link","label":"Tumblr","info":"http:\/\/shopify.tumblr.com"},{"type":"text","id":"social_snapchat_link","label":"Snapchat","info":"https:\/\/www.snapchat.com\/add\/shopify"},{"type":"text","id":"social_youtube_link","label":"YouTube","info":"https:\/\/www.youtube.com\/shopify"},{"type":"text","id":"social_vimeo_link","label":"dribbble","info":"https:\/\/dribbble.com\/shopify"}]},{"name":"Newsletter Popup","settings":[{"type":"number","id":"ssnp_width","label":"Width (px)","default":850},{"type":"checkbox","id":"ssnp_status","label":"Enabled","default":true},{"type":"number","id":"ssnp_expired","label":"Time Expired cookie(day)","default":1},{"type":"text","id":"ssnp_title","label":"Popup Heading Title","default":"Newletter"},{"type":"textarea","id":"ssnp_description","label":"Description"},{"type":"text","id":"ssnp_checkbox_title","label":"Checkbox Title","default":"Don't show this popup again"},{"type":"checkbox","id":"ssnp_show_checkbox","label":"Display Checkbox","default":true},{"type":"image_picker","id":"newsletter","label":"Upload a new newsletter image"},{"type":"checkbox","id":"newslettermodal_mailchimp","label":"Use mailChimp","default":true},{"type":"text","id":"newslettermodal_cookie","placeholder":"Times cookie","label":"Times show again","info":"The unit is minute. Ex: 10","default":"60"},{"type":"text","id":"newsletter_formmodal_action","label":"MailChimp form action URL","info":"[Where do I find my MailChimp form action URL?](http:\/\/docs.shopify.com\/support\/configuration\/store-customization\/where-do-i-get-my-mailchimp-form-action)"},{"type":"header","content":"Social Settings"},{"type":"checkbox","id":"ssnp_show_facebook","label":"Display Facebook","default":true},{"type":"text","id":"ssnp_link_facebook","label":"Link Facebook"},{"type":"checkbox","id":"ssnp_show_twitter","label":"Display Twitter","default":true},{"type":"text","id":"ssnp_link_twitter","label":"Link Twitter"},{"type":"checkbox","id":"ssnp_show_googleplus","label":"Display GooglePlus","default":true},{"type":"text","id":"ssnp_link_googleplus","label":"Link GooglePlus"},{"type":"checkbox","id":"ssnp_show_pinterest","label":"Display Pinterest","default":true},{"type":"text","id":"ssnp_link_pinterest","label":"Link Pinterest"},{"type":"checkbox","id":"ssnp_show_linkedin","label":"Display Linkedin","default":true},{"type":"text","id":"ssnp_link_linkedin","label":"Link Linkedin"},{"type":"checkbox","id":"ssnp_show_instagram","label":"Display Instagram","default":true},{"type":"checkbox","id":"ssnp_show_tumblr","label":"Display Tumblr","default":true},{"type":"text","id":"ssnp_link_tumblr","label":"Link Tumblr"}]}]