{"current":{"favicon":"","logo_img_nav":true,"logo_max_width_nav":"161","effect":"effect_10","gotop_enable":true,"gotopmobile_enable":false,"loading_enable":true,"img_loading":"","breadcrumb_bgcolor":"#f9f9f9","breadcrumb_textcolor":"#888888","breadcrumb_bgimage":false,"bg_breadcrumb":"","header_float_enable":false,"pay_page":"","display_header_top":true,"headertop_bgcolor":"#ffffff","text_headertop_color":"#666666","border_headertop_color":"#f2f2f2","display_currency":true,"display_acc":false,"display_wishlist":true,"display_check":true,"headerct_bgcolor":"#ffffff","border_headerct_color":"#ffffff","text_headerct_color":"#6d6d6d","logo_text":"Logo","logo_img":true,"logo":"shopify:\/\/shop_images\/logo.png","logo_max_width":"252","logo_mobile":"shopify:\/\/shop_images\/logo_mobile.png","enable_rtl":false,"wrapper_page_type":"wrapper-full","bg_body_img":"none","bg_body_color":"#ffffff","bg_body_position_x":"left","bg_body_position_y":"top","bg_body_repeat":"repeat","bg_body_attachment":"scroll","font_body":"google_fonts","fonts_body":"Poppins","body_fontsize":13,"font_heading":"google_fonts","fonts_heading":"Poppins","heading_fontsize":14,"font_custom":"google_fonts","fonts_custom":"Rubik","custom_fontsize":16,"color_base":"#dc9814","color_body_text":"#888888","color_link":"#444444","body_text_hover":"#dc9814","color_border":"#ebebeb","color_prtitle":"#888888","color_prtitlehover":"#dc9814","color_sale_bg":"#dc9814","color_new_bg":"#222222","color_hot_bg":"#ec0101","color_sold_out_bg":"#999","color_price":"#dc9814","color_oldprice":"#aaaaaa","color_btntext":"#ffffff","color_btntext_hover":"#fff","color_btnbg":"#444444","color_btnbg_hover":"#dc9814","color_btntext2":"#222222","color_btntext_hover2":"#ffffff","color_btnbg2":"#fff","color_btnbg_hover2":"#dc9814","color_btnline":"#222222","color_btnline_hover":"#dc9814","color_startbase":"#222222","enable_collection_sidebar":true,"enable_blogs_sidebar":true,"sidebar_position":"left","enable_category_sidebar":true,"enable_product_sidebar":false,"sidebar_categories_title":"Categories","categories_menu":"sidebar-menu","enable_featured_collection":true,"enable_featured_product_detail":true,"enable_featured_product_blogs":false,"featured_product_title":"Bestsellers","featured_product_list_collection":"frontpage","featured_product_limit":"5","enable_sidebar_collection":false,"enable_sidebar_custom_detail":false,"enable_sidebar_custom_blog":false,"custom_html_title":"Custom Services","custom_html_text":"<div class=\"services-sidebar\">\n\t<ul>\n\t\t<li>\n\t\t\t<div class=\"service-content\">\n\t\t\t\t<div class=\"service-icon\" style=\"font-size: 30px;\">\n\t\t\t\t\t<em class=\"fa fa-truck\"><\/em>\n\t\t\t\t<\/div>\n\t\t\t\t\n\t\t\t\t<div class=\"service-info\">\n\t\t\t\t\t<h4><a href=\"#\" title=\"Free Delivery\">Free Delivery<\/a><\/h4>\n\t\t\t\t\t<p>From $59.89<\/p>\n\t\t\t\t<\/div>\n\t\t\t<\/div>\n\t\t<\/li>\n\t\t\n\t\t<li>\n\t\t\t<div class=\"service-content\">\n\t\t\t\t<div class=\"service-icon\" style=\"font-size: 30px;\">\n\t\t\t\t\t<em class=\"fa fa-support\"><\/em>\n\t\t\t\t<\/div>\n\t\t\t\t\n\t\t\t\t<div class=\"service-info\">\n\t\t\t\t\t<h4><a href=\"#\" title=\"Support 24\/7\">Support 24\/7<\/a><\/h4>\n\t\t\t\t\t<p>Online 24 hours<\/p>\n\t\t\t\t<\/div>\n\t\t\t<\/div>\n\t\t<\/li>\n\t\t\n\t\t<li>\n\t\t\t<div class=\"service-content\">\n\t\t\t\t<div class=\"service-icon\" style=\"font-size: 30px;\">\n\t\t\t\t\t<em class=\"fa fa-refresh\"><\/em>\n\t\t\t\t<\/div>\n\t\t\t\t\n\t\t\t\t<div class=\"service-info\">\n\t\t\t\t\t<h4><a href=\"#\" title=\"Free return\">Free return<\/a><\/h4>\n\t\t\t\t\t<p>365 a day<\/p>\n\t\t\t\t<\/div>\n\t\t\t<\/div>\n\t\t<\/li>\n\t\t\n\t\t<li>\n\t\t\t<div class=\"service-content\">\n\t\t\t\t<div class=\"service-icon\" style=\"font-size: 25px; position: relative; top: 4px;\">\n\t\t\t\t\t<em class=\"fa fa-cc-paypal\"><\/em>\n\t\t\t\t<\/div>\n\t\t\t\t\n\t\t\t\t<div class=\"service-info\">\n\t\t\t\t\t<h4><a href=\"#\" title=\"payment method\">payment method<\/a><\/h4>\n\t\t\t\t\t<p>Secure payment<\/p>\n\t\t\t\t<\/div>\n\t\t\t<\/div>\n\t\t<\/li>\n\t<\/ul>\n<\/div>","enable_banner_sidebar":true,"enable_banner_sidebar_detail":true,"enable_banner_sidebar_blog":true,"image_sidebar":"shopify:\/\/shop_images\/sidebar_03.jpg","image_sidebar_link":"shopify:\/\/collections\/furniture","enable_categories_blog":true,"blog_menu":"sidebar-blog","enable_recent_blog":true,"enable_instagram_blog":true,"instagram_title":"INSTAGRAM GALLERY","userid":"2339519673","accessToken":"2339519673.1677ed0.70eb7d1a78bc4f7aae5a4da972dfe00c","limited":"9","resolution":"thumbnail","show-title":true,"limit_title":"70","show-vendor":false,"show-review":false,"show-price":true,"show-deals":true,"show-gallery":true,"gallery_tyle":"gallery-bottom","limit_gallery":"3","product_layout":"2col_left","pp_grid":"5","display_language":true,"title_language":"Language:","default_language":"English","linklist_language":"language","show_multiple_currencies":true,"currency_format":"money_format","supported_currencies":"USD EUR GBP","default_currency":"USD","fixed_social":false,"position":"left","position_top":"100","social_twitter_link":"https:\/\/twitter.com\/smartaddons","social_facebook_link":"https:\/\/www.facebook.com\/SmartAddons.page","social_google_link":"https:\/\/plus.google.com\/+Smartaddons\/posts","social_pinterest_link":"https:\/\/www.pinterest.com\/smartaddons\/","social_instagram_link":"https:\/\/www.linkedin.com\/in\/smartaddons","social_tumblr_link":"http:\/\/shopify.tumblr.com","social_snapchat_link":"https:\/\/www.snapchat.com\/add\/shopify","social_youtube_link":"https:\/\/www.youtube.com\/user\/smartaddons","social_vimeo_link":"https:\/\/vimeo.com\/shopify","ssnp_width":850,"ssnp_status":true,"ssnp_expired":1,"ssnp_title":"Beautiful Furniture Without The High Street Mark Up","ssnp_description":"Subscribe to our Newsletter to get the latest deals \nand get a <span>free 15$<\/span> voucher off your first orer","ssnp_checkbox_title":"Don't show this popup again","ssnp_show_checkbox":true,"newsletter":"shopify:\/\/shop_images\/bg_newsletter5.png","newslettermodal_mailchimp":true,"newslettermodal_cookie":"60","newsletter_formmodal_action":"\/\/magentech.us16.list-manage.com\/subscribe\/post?u=74b0f77582219cf039a743aa5&amp;id=e872bd5efa","ssnp_show_facebook":true,"ssnp_link_facebook":"https:\/\/www.facebook.com\/MagenTech\/","ssnp_show_twitter":true,"ssnp_link_twitter":"https:\/\/twitter.com\/magentech","ssnp_show_googleplus":true,"ssnp_link_googleplus":"https:\/\/plus.google.com\/+Smartaddons","ssnp_show_pinterest":true,"ssnp_link_pinterest":"#","ssnp_show_linkedin":true,"ssnp_link_linkedin":"#","ssnp_show_instagram":true,"ssnp_show_tumblr":true,"ssnp_link_tumblr":"#","checkout_header_image":"","checkout_logo_image":"","checkout_logo_position":"left","checkout_logo_size":"medium","checkout_body_background_image":"","checkout_body_background_color":"#fff","checkout_input_background_color_mode":"white","checkout_sidebar_background_image":"","checkout_sidebar_background_color":"#fafafa","checkout_heading_font":"Helvetica Neue","checkout_body_font":"Helvetica Neue","checkout_accent_color":"#1990c6","checkout_button_color":"#1990c6","checkout_error_color":"#ff6d6d","headerbt_bgcolor":"#ffffff","text_headerbt_color":"#ffffff","enable_sidebar_categories_detail":false,"header_socials_enable":"true","display_promotion":true,"text_promotion":"Black Friday","link_promotion":"body-parts","display_oder":true,"text_oder":"track your order","link_order":"","display_hotline":true,"text_hotline":"Hotline (+123)4 567 890","text_msg":"Welcome to our online store!","header_mobile_float":"true","display_laguage":true,"on_rtl":"rtl","display_popup_newsletter":true,"popup_newsletter_title":"aaaaaaaaa","popup_newsletter_sub_title":"aaaaaaaaaaaaaa","popup_newsletter_message":"aaaaaaaaaa","mailing_list_form_action":"ádasdasd","display_popup_social":true,"ssnp_show_bgimage":true,"ssnp_bgimage":"","psp_width_zoom":"900x","product_zoom":false,"product_video":true,"product_video_icon":"","logo_text_nav":"Logo","logo_nav":"","second_image":false,"show-color-swatch":true,"menu":"sidebar-blogs","blog_category":"","pt_position":"bottom","pt_item":"5","psp_width":"95x","product_vendor":false,"product_available":false,"product_review":false,"product_shortdes":false,"swatch_color":false,"size_guide":true,"color_startactive":"#ffffff","pt_carousel":"false","banner-sidebar-1":"","banner_sidebar_link_1":"","display_sidebar_categories_detail":true,"show_featured_collection":true,"show_featured_product_detail":true,"show_featured_product_blogs":true,"display_banner_sidebar":true,"display_banner_sidebar_detail":true,"display_banner_sidebar_blog":true,"banner-sidebar":"","banner_sidebar_link":"#","display_sidebar_custom":true,"display_sidebar_custom_detail":true,"display_sidebar_custom_blog":true,"custom_cms_title":"Custom CMS Block","custom_cms_text":"<div class=\"services-sidebar\">\n\t<ul>\n\t\t<li>\n\t\t\t<div class=\"service-content\">\n\t\t\t\t<div class=\"service-icon\" style=\"font-size: 30px;\">\n\t\t\t\t\t<em class=\"fa fa-truck\"><span class=\"hidden\">Icon<\/span><\/em>\n\t\t\t\t<\/div>\n\t\t\t\t\n\t\t\t\t<div class=\"service-info\">\n\t\t\t\t\t<h4><a href=\"#\" title=\"Free Delivery\">Free Delivery<\/a><\/h4>\n\t\t\t\t\t<p>From $59.89<\/p>\n\t\t\t\t<\/div>\n\t\t\t<\/div>\n\t\t<\/li>\n\t\t\n\t\t<li>\n\t\t\t<div class=\"service-content\">\n\t\t\t\t<div class=\"service-icon\" style=\"font-size: 30px;\">\n\t\t\t\t\t<em class=\"fa fa-support\"><span class=\"hidden\">Icon<\/span><\/em>\n\t\t\t\t<\/div>\n\t\t\t\t\n\t\t\t\t<div class=\"service-info\">\n\t\t\t\t\t<h4><a href=\"#\" title=\"Support 24\/7\">Support 24\/7<\/a><\/h4>\n\t\t\t\t\t<p>Online 24 hours<\/p>\n\t\t\t\t<\/div>\n\t\t\t<\/div>\n\t\t<\/li>\n\t\t\n\t\t<li>\n\t\t\t<div class=\"service-content\">\n\t\t\t\t<div class=\"service-icon\" style=\"font-size: 30px;\">\n\t\t\t\t\t<em class=\"fa fa-refresh\"><span class=\"hidden\">Icon<\/span><\/em>\n\t\t\t\t<\/div>\n\t\t\t\t\n\t\t\t\t<div class=\"service-info\">\n\t\t\t\t\t<h4><a href=\"#\" title=\"Free return\">Free return<\/a><\/h4>\n\t\t\t\t\t<p>365 a day<\/p>\n\t\t\t\t<\/div>\n\t\t\t<\/div>\n\t\t<\/li>\n\t\t\n\t\t<li>\n\t\t\t<div class=\"service-content\">\n\t\t\t\t<div class=\"service-icon\" style=\"font-size: 25px; position: relative; top: 4px;\">\n\t\t\t\t\t<em class=\"fa fa-cc-paypal\"><span class=\"hidden\">Icon<\/span><\/em>\n\t\t\t\t<\/div>\n\t\t\t\t\n\t\t\t\t<div class=\"service-info\">\n\t\t\t\t\t<h4><a href=\"#\" title=\"payment method\">payment method<\/a><\/h4>\n\t\t\t\t\t<p>Secure payment<\/p>\n\t\t\t\t<\/div>\n\t\t\t<\/div>\n\t\t<\/li>\n\t<\/ul>\n<\/div>","home_page_layout":"home-page_layout-2","color_prlinks":"#333333","color_prlinkshover":"#1fc0a0","color_body_text_hover":"#ff3c20","share_facebook":true,"share_twitter":true,"share_pinterest":true,"image_ico":"","title":"100 S Manhattan St, Amarillo,","title2":"TX 79104, North America","image_ico2":"","title3":"Sales@MagenTech.Com","title4":"( +123 ) 456 7890","image_ico4":"","title5":"Free Delivery","title6":"On order over $89.00","show-deals ":"true","header_design":"header-style1","text_hot":"(801) 2345 - 6789","display_hot":"true","top":"Summer sale discount off 50%! <a href=\"#\">Shop Now<\/a>","display_call":true,"text_call":"Call us now","text_info_call":"Toll free: 123 456 7890","hover-image":"change","label_headertop_color":"#777777","display_label":"true","display_call_free":"true","text_call_free":"Call Us: (+800) 1234 5678","vermenu_bgcolor":"#ffffff","vermenu_titlecolor":"#ffffff","vermenu_linkcolor":"#444444","vermenu_linkcolor_hover":"#ffffff","vermenu_linkbgcolor_hover":"#f4a137","vermenu_dropdown_bgcolor":"#ffffff","vermenu_dropdown_linkcolor":"#333333","vermenu_dropdown_linkcolor_hover":"#f4a137","display_call_fee":true,"text_call_fee":"Call us toll free: (123) 456-7890","newsletterP_title":"Newsletter","newsletterP_subtitle":"Subscribe to the Simolux mailing list to receive updates on new<br>arrivals, special offers and other discount information.","newsletterP_delay":"5000","newsletterP_dontshow":"Don't show this popup again","color_image_overlay_text":"#fff","color_image_overlay":"#3d4246","image_overlay_opacity":"0.25","collection_results_per_row":"4","collection_results_per_page":"12","enable_image_category":"true","show_collection_description":"true","enable_scroll_sidebar":"true","listing_page_design":"left-sidebar","sidebar_opened_tabs":"","sidebar_shopby":"true","sidebar_shopby_title":"Shopby","sidebar_categories":"true","shop_by_tags_2":"true","shop_by_tags_2_title":"22","shop_by_tags_2_list_tags":"222","fit_color_label":"Black, Orange, Blue, Silver","fit_by_color":"true","fit_by_color_title":"Color","fit_color_1_label":"Black","fit_color_2_label":"Silver","fit_color_3_label":"","fit_color_4_label":"","fit_color_5_label":"","fit_color_6_label":"","fit_color_7_label":"","fit_color_8_label":"","fit_color_9_label":"","fit_color_10_label":"","fit_color_11_label":"","fit_color_12_label":"","enable_shop_by_tags_3":"true","shop_by_tags_3_title":"","shop_by_tags_3_list_tags":"","enable_shop_by_tags_4":"true","shop_by_tags_4_title":"aaa","shop_by_tags_4_list_tags":"Lime,Glass","link_msg":"shopify:\/\/pages\/page-get-fre","display_cate":"true","title_cate":"Categories","show_categories":"show_all","categories_items":"Electronics, Home page","sidebar_mini_listing":"true","sidebar_mini_listing_title":"Best Sellers","sidebar_mini_listing_collection":"electronics","sidebar_mini_listing_limit":"4","header_layout":"header_layout_2","bingo_newslettermodal_enable":true,"bingo_newslettermodal_type":"one","bingo_newslettermodal_cookie":"60","bingo_newslettermodal_titile":"NEWSLETTER","bingo_newslettermodal_description":"Subscribe to the Market mailing list to receive updates on new arrivals, special offers and other discount information.","bingo_newslettermodal_chk":"Don't show this popup again","bingo_newslettermodal_bgimage":false,"bingo_newslettermodal_mailchimp":true,"enable_sidebar":true,"image":"shopify:\/\/shop_images\/banner-sidebar.jpg","color_text":"#3d4246","color_borders":"#e8e9eb","color_button":"#7796a8","color_sale_text":"#7796a8","color_button_text":"#fff","color_small_button":"#fff","color_small_button_text":"#3d4246","color_text_field":"#fff","color_text_field_text":"#000","color_body_bg":"#fff","type_header_family":"Google_Work+Sans_600_sans","type_header_base_size":"26px","type_base_family":"Google_Work+Sans_400_sans","type_base_size":"16px","type_bold_product_titles":false,"use_color_swatch":true,"sections":{"header":{"type":"header","settings":{}},"footer":{"type":"footer","settings":{"bg_color_footer":"#222222","bg_img_footer":"","footer_top_enable":true,"footer_co1_enable":true,"footer_title_1":"About Us","footer_contact_address":"No 40 Baria Sreet 133\/2 NewYork City, NY,  United States","footer_contact_email":"Hidesigner@Magentech.com","footer_contact_phone":"(888) 0943 446000 - (888) 0912 345678","footer_socials_enable":true,"footer_co2_enable":true,"footer_title_2":"Information","footer_linklist_2":"footer","footer_co3_enable":true,"footer_title_3":"Customer Services","footer_linklist_3":"footer-menu-2","footer_newsletter_enable":true,"footer_title_newletter":"Sign Up Newsletter & Get <span>20% Off<\/span> First Order","show_bottom":true,"footer_about":"Ss HomeStore ©2018 Demo Store. All Rights Reserved. Designed by <a href=\"http:\/\/www.revotheme.com\/\" target=\"_blank\">RevoTheme.Com<\/a>.","footer_show_pay":true,"img_payment_ft":"shopify:\/\/shop_images\/payment.png","link_pay":"\/"}},"collection-template":{"type":"collection-template","settings":{"pagination_style":"EndlessScroll","grid":"3","rows":"4","results_per_page":"12"}},"product-template":{"type":"product-template","settings":{"display_product_reviews":true,"show_vendor":true,"show_product_type":true,"show_desc":"short","show_product_countdown":true,"use_color_swatch":true,"show_price_subtotal":false,"show_quantity_selector":true,"show_share_buttons":true,"show_category":false,"show_tag":false,"show_brand":true,"product_brand":"shopify:\/\/shop_images\/payment.png","pt_position":"bottom","pt_item":"4","enable_sevicer":false,"sv_title":"90 days<br>money back","sv_icon":"usd","sv_title_2":"free shipping<br>on all orders","sv_icon_2":"truck","sv_title_3":"lowest price <br> guarantee","sv_icon_3":"calendar","sv_title_4":"safe shopping <br> guarantee","sv_icon_4":"umbrella","product_tab_type":"protab_hozizoltal","product_tab1_enable":true,"product_tab1_title":"Details","product_tab2_enable":true,"product_tab2_title":"Shipping &amp; Returns","product_tab2_content":"<div class=\"success rte\">\n<p>Your order of 100$ or more gets free standard delivery.<\/p>\n<ul class=\"ncss-list-ul mt4-sm mb4-sm\">\n<li class=\"ncss-li\">Standard delivered 4-5 Business Days<\/li>\n<li class=\"ncss-li\">Express delivered 2-4 Business Days<\/li>\n<\/ul>\n<br><p>Orders are processed and delivered Monday-Friday (excluding public holidays)<\/p>\n<br><p>eMarket members enjoy <a class=\"u-underline\" href=\"#\">free returns<\/a>.<\/p>\n<\/div>","product_tab3_enable":true,"product_tab3_title":"Size Chart","custom_size_chart":"shopify:\/\/shop_images\/sizing-mens-2017.png","product_tab4_enable":true,"product_tab4_title":"Reviews","product_related_enable":true,"product_related_title":"Related Products","product_related_decription":"Lorem ipsum dolor sit amet consectetur adipiscing elit. Sed aci erat dales vitakse dalesnon estin vitae egestas enim in pretium nulla.","related_products_type":"tags","product_related_limit":"6","navigation":true,"margin-rl":"20","column1":"3","column2":"3","column3":"3","column4":"2","column5":"2"}},"list-collections-template":{"type":"list-collections-template","blocks":{"1499738278102":{"type":"collection","settings":{"collection":"accessories"}},"1499738114928":{"type":"collection","settings":{"collection":"bathroom"}},"1499738226235":{"type":"collection","settings":{"collection":"frontpage"}},"1499738260929":{"type":"collection","settings":{"collection":"lamp-lighting"}},"1499738099326":{"type":"collection","settings":{"collection":"sofa-chair"}},"1514823718413":{"type":"collection","settings":{"collection":"accessories"}},"1499738244928":{"type":"collection","settings":{"collection":"lamp-lighting"}},"1514823795425":{"type":"collection","settings":{"collection":"bathroom"}}},"block_order":["1499738278102","1499738114928","1499738226235","1499738260929","1499738099326","1514823718413","1499738244928","1514823795425"],"settings":{"display_type":"selected","sort":"products_low","grid":"4"}},"blog-template":{"type":"blog-template","settings":{"layout":"grid","limit_blog":"9","grid_per":"2","blog_show_author":false,"blog_show_date":true,"blog_show_readmore":true}},"article-template":{"type":"article-template","settings":{"blog_show_author":true,"blog_show_date":true,"show_share_buttons":true,"font_size_title":18,"text_blog":"#444","text_des_blog":"#666"}},"template-contact":{"type":"template-contact","settings":{"display_google_map":true,"google_map_code":"<iframe src=\"https:\/\/www.google.com\/maps\/embed?pb=!1m18!1m12!1m3!1d6787.11846816203!2d-74.00106388051138!3d40.73303806053912!2m3!1f0!2f0!3f0!3m2!1i1024!2i768!4f13.1!3m3!1m2!1s0x89c24fa5d33f083b%3A0xc80b8f06e177fe62!2zVGjDoG5oIHBo4buRIE5ldyBZb3JrLCBUaeG7g3UgYmFuZyBOZXcgWW9yaw!5e0!3m2!1svi!2s!4v1498454043100\"><\/iframe>","title_info":"CONTACT US","contact_text_desc":"Lorem ipsum dolor sit amet conse ctetur adipisicing elit, sed do eiusmod tempor incididunt ut labore et dolore magna aliqua. Ut enim ad minim veniam<br> Quis nostrud exercitation ullamco laboris nisi ut aliquip ex ea commodo consequat sed do eiusmod tempor","title_1":"","des_1":"123 Suspendis mattis, Sollicitudin District, Accums Fringilla","icon_1":"map-marker","title_2":"Email:","des_2":"support@magentech.com","icon_2":"envelope","title_3":"Phone:","des_3":"0123456789","icon_3":"phone","title_form":"SEND YOUR COMMENTS"}},"template-about":{"type":"template-about","blocks":{"1512635249137":{"type":"faq","settings":{"our_image_1":"shopify:\/\/shop_images\/ourteam1.png","cl_name_1":"Jennifer lawrence","cl_job_1":"Tech Leader","cl_des_1":"","social_facebook_link":"#","social_twitter_link":"#","social_google_link":"#","social_dribbble_link":"#","social_linkedin_link":"#"}},"1512639232534":{"type":"faq","settings":{"our_image_1":"shopify:\/\/shop_images\/ourteam2.png","cl_name_1":"George Scoots","cl_job_1":"Ceo & Director","cl_des_1":"","social_facebook_link":"#","social_twitter_link":"#","social_google_link":"#","social_dribbble_link":"#","social_linkedin_link":"#"}},"1512639272630":{"type":"faq","settings":{"our_image_1":"shopify:\/\/shop_images\/ourteam3.png","cl_name_1":"George Scoots","cl_job_1":"Ceo & Director","cl_des_1":"","social_facebook_link":"#","social_twitter_link":"#","social_google_link":"#","social_dribbble_link":"#","social_linkedin_link":"#"}},"1512639296273":{"type":"faq","settings":{"our_image_1":"shopify:\/\/shop_images\/ourteam4.png","cl_name_1":"Jennifer lawrence","cl_job_1":"Tech Leader","cl_des_1":"","social_facebook_link":"#","social_twitter_link":"#","social_google_link":"#","social_dribbble_link":"#","social_linkedin_link":"#"}}},"block_order":["1512635249137","1512639232534","1512639272630","1512639296273"],"settings":{"about_title":"Hello, We are Established 2018 - Paris  Fashion Show","about_image":"shopify:\/\/shop_images\/img-about.png","about_text_desc":"<p>Lorem Khaled Ipsum is a major key to success. Eliptical talk. The key to more success is to get a massage once a week, very important, major key, cloth talk. Mogul talk. Cloth talk. I’m giving you cloth talk, cloth. Special cloth alert, cut from a special cloth. In life you have to take the trash out, if you have trash in your life, take it out, throw it away, get rid of it, major key. Surround yourself with angels.<\/p>\n<br>\n<p>\nThey key is to have every key, the key to open every door. We don’t see them, we will never see them. To be successful you’ve got to work hard, to make history, simple, you’ve got to make it. They never said winning was easy. Some people can’t handle success, I can. I’m giving you cloth talk, cloth. Special cloth alert, cut from a special cloth.\n<\/p>","about_link":"#","show_service":true,"icon1":"Strategy & Marketing","des1":"Lorem Khaled Ipsum is a major key to success. Eliptical talk. The key to more success is to get a massage once a week, very important, major key, cloth talk.","icon2":"interaction design","des2":"Lorem Khaled Ipsum is a major key to success. Eliptical talk. The key to more success is to get a massage once a week, very important, major key, cloth talk.","icon3":"WEb Development","des3":"Lorem Khaled Ipsum is a major key to success. Eliptical talk. The key to more success is to get a massage once a week, very important, major key, cloth talk.","show_team":true,"member_title":"Our Member","our_text_desc":"Lorem Khaled Ipsum is a major key to success. Eliptical talk. The key to more success is to get a massage once a week","show_policy":true,"title1":"Free shipping","description1":"Free shipping on oder over $100","title2":"secure payment","description2":"We value your security","title3":"Online support","description3":"We have support 24\/7","title4":"payment on delivery","description4":"Cash on delivery option"}},"ss-mainmenu":{"type":"ss-mainmenu","blocks":{"1528441729722":{"type":"text","settings":{"title":"Home","cal_width":"full","customWidth":"650px","mega_class":"","cal_align":"left","cal_align_margin":"0px","navi_show":false,"item_linklist":"","menu_col_column":12,"menu_item_col":12,"product_show":false,"product_title":"","product_sellect":"","product_limit":"","product_col_column":12,"product_item_col":12,"banner_enable1":false,"image_banner":"","banner_link":"","banner_col_column":6,"banner_enable2":false,"image_banner2":"","banner_link2":"","banner_col_column2":6,"banner_enable3":false,"image_banner3":"","banner_link3":"","banner_col_column4":6,"mega_page_enable":true,"page_col_column":12,"mega_page":"dropdown-layout-home"}},"1528441946800":{"type":"text","settings":{"title":"Features","cal_width":"custom","customWidth":"720px","mega_class":"","cal_align":"left","cal_align_margin":"0px","navi_show":false,"item_linklist":"","menu_col_column":12,"menu_item_col":12,"product_show":false,"product_title":"","product_sellect":"","product_limit":"","product_col_column":12,"product_item_col":12,"banner_enable1":false,"image_banner":"","banner_link":"","banner_col_column":6,"banner_enable2":false,"image_banner2":"","banner_link2":"","banner_col_column2":6,"banner_enable3":false,"image_banner3":"","banner_link3":"","banner_col_column4":6,"mega_page_enable":true,"page_col_column":12,"mega_page":"collection"}},"1510549520114":{"type":"text","settings":{"title":"Collections","cal_width":"custom","customWidth":"760px","mega_class":"","cal_align":"left","cal_align_margin":"0px","navi_show":true,"item_linklist":"mega-menu-1","menu_col_column":8,"menu_item_col":6,"product_show":true,"product_title":"Featured Product","product_sellect":"frontpage","product_limit":"1","product_col_column":4,"product_item_col":12,"banner_enable1":false,"image_banner":"","banner_link":"","banner_col_column":6,"banner_enable2":false,"image_banner2":"","banner_link2":"","banner_col_column2":6,"banner_enable3":false,"image_banner3":"","banner_link3":"","banner_col_column4":6,"mega_page_enable":false,"page_col_column":12,"mega_page":""}},"1512705049457":{"type":"text","settings":{"title":"Shop","cal_width":"custom","customWidth":"800px","mega_class":"","cal_align":"left","cal_align_margin":"0px","navi_show":true,"item_linklist":"mega-menu-2","menu_col_column":12,"menu_item_col":3,"product_show":false,"product_title":"","product_sellect":"","product_limit":"","product_col_column":12,"product_item_col":12,"banner_enable1":true,"image_banner":"shopify:\/\/shop_images\/banner_01_b830b7a1-8e72-4bd9-a25e-8b876bc7cece.jpg","banner_link":"shopify:\/\/collections\/electronics","banner_col_column":6,"banner_enable2":true,"image_banner2":"shopify:\/\/shop_images\/banner_02_6b1c0e55-1f3d-4b9a-aab0-740d76192931.jpg","banner_link2":"shopify:\/\/collections\/cameras-photo","banner_col_column2":6,"banner_enable3":false,"image_banner3":"","banner_link3":"shopify:\/\/collections\/new-arrivals","banner_col_column4":4,"mega_page_enable":false,"page_col_column":12,"mega_page":""}}},"block_order":["1528441729722","1528441946800","1510549520114","1512705049457"],"settings":{"main_linklist":"main-menu","enable_new":false,"megamenu_items_new":"Features","enable_hot":true,"megamenu_items_hot":"Pages"}},"cart-template":{"type":"cart-template","settings":{"cart_notes_enable":true}},"ss-tools":{"type":"ss-tools","settings":{"status":true,"position":"right","position_top":"100","show_category":true,"show_cart":true,"show_account":true,"show_search":true,"show_recent_product":true,"limit_product":"6","show_backtop":false}},"ss-facebook-message":{"type":"ss-facebook-message","settings":{"status":false,"position":"right-bottom","width":320,"height":250,"button_style":"default","widget_text":"Chat with Us","page_url":"https:\/\/www.facebook.com\/MagenTech","tabs":"messages","small_header":true,"hide_cover":false,"show_facepile":false}},"ss-vertical-menu":{"type":"ss-vertical-menu","blocks":{"1509959680604":{"type":"text","settings":{"title":"Body Parts","menu_url":"shopify:\/\/collections\/body-parts","enable_menu_icon":true,"font_icon":"television","menu_icon":"","dropdown_type":"mega_drop","megamenu_width_col":"750px","menu_show":true,"item_linklist":"","menu_col_column":7,"menu_item_col":6,"megamenu_bg":"","banner_enable":false,"banner_col_column":6,"image_banner":"","banner_link":"","product_show":true,"product_title":"","product_sellect":"","product_limit":"1","product_col_column":5,"product_item_col":12,"mega_page_enable":false,"page_col_column":12,"mega_page":""}},"1509959843931":{"type":"text","settings":{"title":"Clothings","menu_url":"shopify:\/\/collections\/clothings","enable_menu_icon":true,"font_icon":"eercast","menu_icon":"","dropdown_type":"none","megamenu_width_col":"650px","menu_show":false,"item_linklist":"","menu_col_column":12,"menu_item_col":4,"megamenu_bg":"","banner_enable":false,"banner_col_column":6,"image_banner":"","banner_link":"","product_show":false,"product_title":"","product_sellect":"","product_limit":"","product_col_column":12,"product_item_col":12,"mega_page_enable":false,"page_col_column":12,"mega_page":""}},"1509959804345":{"type":"text","settings":{"title":"Motobike","menu_url":"shopify:\/\/collections\/motobike","enable_menu_icon":true,"font_icon":"gift","menu_icon":"","dropdown_type":"mega_drop","megamenu_width_col":"600px","menu_show":true,"item_linklist":"","menu_col_column":6,"menu_item_col":12,"megamenu_bg":"","banner_enable":true,"banner_col_column":6,"image_banner":"","banner_link":"#","product_show":false,"product_title":"","product_sellect":"","product_limit":"","product_col_column":12,"product_item_col":12,"mega_page_enable":false,"page_col_column":12,"mega_page":""}},"1509959767921":{"type":"text","settings":{"title":"Belts","menu_url":"shopify:\/\/collections\/belts","enable_menu_icon":true,"font_icon":"deaf","menu_icon":"","dropdown_type":"none","megamenu_width_col":"900px","menu_show":false,"item_linklist":"","menu_col_column":12,"menu_item_col":12,"megamenu_bg":"","banner_enable":false,"banner_col_column":6,"image_banner":"","banner_link":"","product_show":false,"product_title":"","product_sellect":"","product_limit":"","product_col_column":12,"product_item_col":12,"mega_page_enable":false,"page_col_column":12,"mega_page":""}},"1510891816668":{"type":"text","settings":{"title":"Bicycle","menu_url":"shopify:\/\/collections\/bicycle","enable_menu_icon":true,"font_icon":"futbol-o","menu_icon":"","dropdown_type":"mega_drop","megamenu_width_col":"700px","menu_show":true,"item_linklist":"","menu_col_column":12,"menu_item_col":4,"megamenu_bg":"","banner_enable":false,"banner_col_column":6,"image_banner":"","banner_link":"","product_show":false,"product_title":"","product_sellect":"","product_limit":"","product_col_column":12,"product_item_col":12,"mega_page_enable":false,"page_col_column":12,"mega_page":""}},"1509959728138":{"type":"text","settings":{"title":"Components","menu_url":"shopify:\/\/collections\/components","enable_menu_icon":true,"font_icon":"camera-retro","menu_icon":"","dropdown_type":"none","megamenu_width_col":"200px","menu_show":true,"item_linklist":"","menu_col_column":12,"menu_item_col":12,"megamenu_bg":"","banner_enable":false,"banner_col_column":6,"image_banner":"","banner_link":"","product_show":false,"product_title":"","product_sellect":"","product_limit":"","product_col_column":12,"product_item_col":12,"mega_page_enable":false,"page_col_column":12,"mega_page":""}},"1509959869218":{"type":"text","settings":{"title":"Sunglasses","menu_url":"shopify:\/\/collections\/sunglasses","enable_menu_icon":true,"font_icon":"grav","menu_icon":"","dropdown_type":"none","megamenu_width_col":"900px","menu_show":false,"item_linklist":"","menu_col_column":12,"menu_item_col":12,"megamenu_bg":"","banner_enable":false,"banner_col_column":6,"image_banner":"","banner_link":"","product_show":false,"product_title":"","product_sellect":"","product_limit":"","product_col_column":12,"product_item_col":12,"mega_page_enable":false,"page_col_column":12,"mega_page":""}},"1510891836292":{"type":"text","settings":{"title":"Wheels And Tires","menu_url":"shopify:\/\/collections\/wheels-and-tires","enable_menu_icon":true,"font_icon":"shopping-bag","menu_icon":"","dropdown_type":"none","megamenu_width_col":"900px","menu_show":false,"item_linklist":"","menu_col_column":12,"menu_item_col":12,"megamenu_bg":"","banner_enable":false,"banner_col_column":6,"image_banner":"","banner_link":"","product_show":false,"product_title":"","product_sellect":"","product_limit":"","product_col_column":12,"product_item_col":12,"mega_page_enable":false,"page_col_column":12,"mega_page":""}},"1534845645835":{"type":"text","settings":{"title":"Shoes","menu_url":"shopify:\/\/collections\/shoes","enable_menu_icon":true,"font_icon":"desktop","menu_icon":"","dropdown_type":"none","megamenu_width_col":"900px","menu_show":false,"item_linklist":"","menu_col_column":12,"menu_item_col":12,"megamenu_bg":"","banner_enable":false,"banner_col_column":6,"image_banner":"","banner_link":"","product_show":false,"product_title":"","product_sellect":"","product_limit":"","product_col_column":12,"product_item_col":12,"mega_page_enable":false,"page_col_column":12,"mega_page":""}},"1534845668693":{"type":"text","settings":{"title":"Repair Parts","menu_url":"shopify:\/\/collections\/repair-parts","enable_menu_icon":true,"font_icon":"desktop","menu_icon":"","dropdown_type":"none","megamenu_width_col":"900px","menu_show":false,"item_linklist":"","menu_col_column":12,"menu_item_col":12,"megamenu_bg":"","banner_enable":false,"banner_col_column":6,"image_banner":"","banner_link":"","product_show":false,"product_title":"","product_sellect":"","product_limit":"","product_col_column":12,"product_item_col":12,"mega_page_enable":false,"page_col_column":12,"mega_page":""}},"1534845707660":{"type":"text","settings":{"title":"Motobike","menu_url":"shopify:\/\/collections\/motobike","enable_menu_icon":true,"font_icon":"desktop","menu_icon":"","dropdown_type":"none","megamenu_width_col":"900px","menu_show":false,"item_linklist":"","menu_col_column":12,"menu_item_col":12,"megamenu_bg":"","banner_enable":false,"banner_col_column":6,"image_banner":"","banner_link":"","product_show":false,"product_title":"","product_sellect":"","product_limit":"","product_col_column":12,"product_item_col":12,"mega_page_enable":false,"page_col_column":12,"mega_page":""}}},"block_order":["1509959680604","1509959843931","1509959804345","1509959767921","1510891816668","1509959728138","1509959869218","1510891836292","1534845645835","1534845668693","1534845707660"],"settings":{"ver_title":"All Categories","ver_all":"More All Categories","ver_url":"shopify:\/\/collections","ver_bg_color":"rgba(0,0,0,0)","ver_menu_bg":""}},"sidebar-filter-collection":{"type":"sidebar-filter-collection","blocks":{"1522833934637":{"type":"filter_tag","settings":{"enable":true,"title":"Price","list_tags":"0 - $99, $100 - $199, $200 - $299, $300 - $399, Above $400"}},"1522833926819":{"type":"filter_color","settings":{"enable":true,"title":"Color","color_text_1":"Red","color_img_1":"","color_text_2":"Blue","color_img_2":"","color_text_3":"Brown","color_img_3":"","color_text_4":"Orange","color_img_4":"","color_text_5":"Green","color_img_5":"","color_text_6":"Black","color_img_6":"","color_text_7":"Pink","color_img_7":"","color_text_8":"Sliver","color_img_8":"","color_text_9":"White","color_img_9":"","color_text_10":"Yellow","color_img_10":"","color_text_11":"Cyan","color_img_11":"","color_text_12":"Gold","color_img_12":"","color_text_13":"Grey","color_img_13":"","color_text_14":"","color_img_14":"","color_text_15":"","color_img_15":"","color_text_16":"","color_img_16":"","color_text_17":"","color_img_17":"","color_text_18":"","color_img_18":"","color_text_19":"","color_img_19":"","color_text_20":"","color_img_20":""}},"1522980753781":{"type":"filter_tag","settings":{"enable":true,"title":"Size","list_tags":"16, 18, 20, 22, 24, 26, ONE SIZE"}},"1522834136250":{"type":"filter_tag","settings":{"enable":true,"title":"Brand","list_tags":"Chanel, Dior, Lion, Gap, Lucci, Louis, Hermes, Cherry, Glass, Lime, Nice"}}},"block_order":["1522833934637","1522833926819","1522980753781","1522834136250"],"settings":{"enable_filter":true,"enable_filter-fixed":true}},"collection-infos":{"type":"collection-infos","settings":{"show_collection_image":false,"show_collection_title":true,"show_collection_des":false,"show_collection":false,"linklist_collections_name":"","column1":"5","column2":"4","column3":"3"}},"homepage-logolist":{"type":"homepage-logolist","blocks":{"1525851623622":{"type":"logo_image","settings":{"image":"","image_size":"140x73","link":"\/"}},"1525851657785":{"type":"logo_image","settings":{"image":"","image_size":"140x73","link":"\/"}},"1525851669031":{"type":"logo_image","settings":{"image":"","image_size":"140x73","link":"\/"}},"1525851777965":{"type":"logo_image","settings":{"image":"","image_size":"140x73","link":"\/"}},"1525852305813":{"type":"logo_image","settings":{"image":"","image_size":"140x73","link":"\/"}},"1525852316870":{"type":"logo_image","settings":{"image":"","image_size":"140x73","link":"\/"}},"1525852326589":{"type":"logo_image","settings":{"image":"","image_size":"170x100","link":"\/"}},"1525852567476":{"type":"logo_image","settings":{"image":"","image_size":"140x73","link":"\/"}},"1525852577385":{"type":"logo_image","settings":{"image":"","image_size":"140x73","link":"\/"}}},"block_order":["1525851623622","1525851657785","1525851669031","1525851777965","1525852305813","1525852316870","1525852326589","1525852567476","1525852577385"],"settings":{"show_container":true,"title":"","column1":"8","column2":"6","column3":"5","column4":"4","column5":"3","owl_navigation":true,"owl_margin":"30","owl_autoplay":false,"owl_autoplay_speed":"10000","owl_speed":"300"}},"homepage-product-carousel":{"type":"homepage-product-carousel","settings":{"title1":"MOST VIEWED","collection":"","collection_description":"","image_size":"270x270","column1":"4","column2":"3","column3":"2","column4":"2","column5":"1","row":"1","limit":"8","owl_navigation":true,"show_dot":true,"owl_margin":"30","owl_autoplay":false,"owl_autoplay_speed":"10000","owl_speed":"300"}},"template-hotdeals":{"type":"template-hotdeals","blocks":{"1534584054374":{"type":"product","settings":{"title":"","prt_collection":"bathroom"}},"1534584058420":{"type":"product","settings":{"title":"","prt_collection":"frontpage"}},"1534584061272":{"type":"product","settings":{"title":"","prt_collection":"lamp-lighting"}}},"block_order":["1534584054374","1534584058420","1534584061272"],"settings":{"display_image_cat":true,"img_cat":"shopify:\/\/shop_images\/new-years.png","limit_product":"12"}},"home-slider":{"type":"home-slider","blocks":{"1533097029829":{"type":"slider_list","settings":{"show_status":"yes","image":"","banner_link":"shopify:\/\/collections\/sports-outdoors","content_status":"yes","sub_title":"New Arrivals 2019","heading":"Best collection","text_content":"The Biggest Spring 2018 Fashion Trends"}},"1533192513962":{"type":"slider_list","settings":{"show_status":"yes","image":"","banner_link":"shopify:\/\/collections\/apparel","content_status":"yes","sub_title":"New Arrivals 2019","heading":"Best collection","text_content":"The Biggest Spring 2018 Fashion Trends"}},"1533192527768":{"type":"slider_list","settings":{"show_status":"yes","image":"","banner_link":"shopify:\/\/collections\/smartphones-tablets","content_status":"yes","sub_title":"New Arrivals 2019","heading":"Best collection","text_content":"The Biggest Spring 2018 Fashion Trends"}}},"block_order":["1533097029829","1533192513962","1533192527768"],"settings":{"show_container":true,"owl_navigation":true,"owl_dot":false,"owl_autoplay":false,"owl_loop":true,"owl_margin":"0","owl_autoplay_speed":"10000","owl_speed":"300"}},"siderbar-home":{"type":"siderbar-home","blocks":{"1533119144454":{"type":"banner","settings":{"enable_img":true,"image":"","link":""}},"1533119180723":{"type":"product","settings":{"bs_title":"SPECIALS","collection":"","bs_limit":"4"}},"1533119184816":{"type":"banner","settings":{"enable_img":true,"image":"","link":""}},"1533176830358":{"type":"product","settings":{"bs_title":"Best Sellers","collection":"","bs_limit":"4"}},"1533119206002":{"type":"Menu","settings":{"title_menu":"POPULAR TAGS","link":""}}},"block_order":["1533119144454","1533119180723","1533119184816","1533176830358","1533119206002"],"settings":{"enable_sidebar_detail":true,"show_sidebar":"left"}},"home-product-deals":{"type":"home-product-deals","settings":{"show_container":true,"title1":"","list_collection":"","image_size":"270x384","column1":"4","column2":"3","column3":"2","column4":"2","column5":"1","row":"1","limit":"8","owl_navigation":true,"owl_dot":true,"owl_margin":"30","owl_autoplay":false,"owl_autoplay_speed":"10000","owl_speed":"300"}},"home-quicklink":{"type":"home-quicklink","blocks":{"1533118341105":{"type":"quick_link","settings":{"title_quick":"Moto E","link_quick":"shopify:\/\/products\/bresaola-volupta"}},"1533118357812":{"type":"quick_link","settings":{"title_quick":"Mobile","link_quick":"shopify:\/\/products\/boudin-tenderloin"}},"1533118374698":{"type":"quick_link","settings":{"title_quick":"Tablet","link_quick":"shopify:\/\/products\/jalapeno-kielbasa"}},"1533118384157":{"type":"quick_link","settings":{"title_quick":"Fashion Accessories","link_quick":"shopify:\/\/products\/cignon-frankes"}},"1533118443735":{"type":"quick_link","settings":{"title_quick":"Laptops","link_quick":"shopify:\/\/products\/aoccaecat-pariatur"}},"1533118458115":{"type":"quick_link","settings":{"title_quick":"Pen Drivers","link_quick":"shopify:\/\/products\/bresaola-volupta"}},"1533118478996":{"type":"quick_link","settings":{"title_quick":"Toys","link_quick":"shopify:\/\/products\/ipsum-ribeye"}},"1533118487208":{"type":"quick_link","settings":{"title_quick":"Dress","link_quick":"shopify:\/\/products\/capicola-deserun"}}},"block_order":["1533118341105","1533118357812","1533118374698","1533118384157","1533118443735","1533118458115","1533118478996","1533118487208"],"settings":{"show_section":true,"title_quick":"Top Search:"}},"home-services":{"type":"home-services","blocks":{"1533179654185":{"type":"box","settings":{"sv_icon":"local_shipping","show_image":false,"image":"","title":"FREE SHIPPING<br>ON ALL ORDER","description":""}},"1533179659159":{"type":"box","settings":{"sv_icon":"reply_all","show_image":false,"image":"","title":"Money Back<br>Guarantee","description":""}},"1533179660435":{"type":"box","settings":{"sv_icon":"security","show_image":false,"image":"","title":"SAFE SHOPPING<br>GUARANTEE","description":""}}},"block_order":["1533179654185","1533179659159","1533179660435"],"settings":{"show_container":true,"style":"style-df","title":"false","column1":"3","column2":"3","column3":"2","column4":"2","column5":"1","owl_margin":"0"}},"home-fullbanner":{"type":"home-fullbanner","blocks":{"1533181462793":{"type":"image","settings":{"link":"shopify:\/\/collections\/apple-mobile","image":""}}},"block_order":["1533181462793"],"settings":{"show_section":true,"show_container":false,"title":"","item-img":"1","size_image":"870x90"}},"home-collection":{"type":"home-collection","blocks":{"1533182966174":{"type":"featured_collection","settings":{"collection_menu":"","collection_name":"Tablets","image":"","link_bt":"","text_bt":""}},"1533183018931":{"type":"featured_collection","settings":{"collection_menu":"","collection_name":"Cameras","image":"","link_bt":"","text_bt":""}},"1533183047189":{"type":"featured_collection","settings":{"collection_menu":"","collection_name":"Keyboard","image":"","link_bt":"","text_bt":""}},"1533183065827":{"type":"featured_collection","settings":{"collection_menu":"","collection_name":"Laptops","image":"","link_bt":"","text_bt":""}},"1533183085748":{"type":"featured_collection","settings":{"collection_menu":"","collection_name":"Smartphone","image":"","link_bt":"","text_bt":""}},"1533183103177":{"type":"featured_collection","settings":{"collection_menu":"","collection_name":"Televisions","image":"","link_bt":"","text_bt":""}}},"block_order":["1533182966174","1533183018931","1533183047189","1533183065827","1533183085748","1533183103177"],"settings":{"titles":"ELECTRONICS","fw":false,"background_image":"","background_color":"#111111","view_all":"view all categories","column1":"5","column2":"4","column3":"3","column4":"2","column5":"2","row":"1","owl_margin":"0"}},"home-product-tabs":{"type":"home-product-tabs","blocks":{"1533183191806":{"type":"product","settings":{"title":"Best Sellers","prt_collection":""}},"1533183227454":{"type":"product","settings":{"title":"New Arrivals","prt_collection":""}},"1533183248526":{"type":"product","settings":{"title":"Top Rating","prt_collection":""}}},"block_order":["1533183191806","1533183227454","1533183248526"],"settings":{"fw":true,"title":"","image_size":"270x","column1":"3","column2":"3","column3":"3","column4":"2","column5":"2","row":"1","limit":"8","owl_navigation":false,"owl_margin":"30","owl_autoplay":false,"owl_autoplay_speed":"10000","owl_speed":"300","show_img":true,"image":"","image_size2":"234x339","link":""}},"1543822110739":{"type":"home-slider","blocks":{"1543822110739-0":{"type":"slider_list","settings":{"show_status":"yes","image":"shopify:\/\/shop_images\/slide_show01.jpg","banner_link":"#","content_status":"no","sub_title":"New Arrivals 2019","heading":"Body parts for any vehicle","text_content":"Price only: <span>$123.00 <\/span>"}},"1543827462106":{"type":"slider_list","settings":{"show_status":"yes","image":"shopify:\/\/shop_images\/slide_show03.jpg","banner_link":"#","content_status":"no","sub_title":"New Arrivals 2019","heading":"Exciting bundle get 30% off","text_content":"Price only: <span>$123.00 <\/span>"}},"1543827482646":{"type":"slider_list","settings":{"show_status":"yes","image":"shopify:\/\/shop_images\/slide_show02.jpg","banner_link":"#","content_status":"no","sub_title":"Best Collection 2019","heading":"Mountain bikes","text_content":"Price only: <span>$123.00 <\/span>"}}},"block_order":["1543822110739-0","1543827462106","1543827482646"],"settings":{"show_container":false,"owl_navigation":true,"owl_dot":false,"owl_autoplay":true,"owl_loop":true,"owl_margin":"0","owl_autoplay_speed":"100000","owl_speed":"30000"}},"1543983923292":{"type":"home-blog","settings":{"show_container":true,"style":"style-df","title1":"LATEST BLOG","description":"Lorem ipsum dolor sit amet, consectetur adipiscing elit. Sed ac erat dales vitae non est. In vitae egestas enim, in pretium nulla.","list_blog":"latest-news","image_featured":true,"image_size":"370x","column1":"3","column2":"3","column3":"2","column4":"1","column5":"1","row":"1","limit":"8","owl_navigation":true,"owl_margin":"30","owl_autoplay":false,"owl_autoplay_speed":"10000","owl_speed":"300"}},"1543984389870":{"type":"home-services","blocks":{"1543984453462":{"type":"box","settings":{"sv_icon":"","show_image":true,"image":"shopify:\/\/shop_images\/icon1.png","title":"Fast & Free Shipping","description":"Sed ac erat dales vitae non estin vitae egestas enim in pretium nulla"}},"1543984442190":{"type":"box","settings":{"sv_icon":"","show_image":true,"image":"shopify:\/\/shop_images\/icon2.png","title":"Money Back Guarantee","description":"Sed ac erat dales vitae non estin vitae egestas enim in pretium nulla"}},"1543984891521":{"type":"box","settings":{"sv_icon":"","show_image":true,"image":"shopify:\/\/shop_images\/icon3.png","title":"24\/24 Online Support","description":"Sed ac erat dales vitae non estin vitae egestas enim in pretium nulla"}}},"block_order":["1543984453462","1543984442190","1543984891521"],"settings":{"show_container":false,"style":"style-df","title":"","column1":"3","column2":"3","column3":"2","column4":"2","column5":"1","owl_margin":"0"}},"1544426838722":{"type":"homepage-logolist","blocks":{"1544426838722-0":{"type":"logo_image","settings":{"image":"shopify:\/\/shop_images\/br_1.png","image_size":"170x110","link":"#"}},"1544426838722-1":{"type":"logo_image","settings":{"image":"shopify:\/\/shop_images\/br_2.png","image_size":"170x110","link":"#"}},"1544426838722-2":{"type":"logo_image","settings":{"image":"shopify:\/\/shop_images\/br_3.png","image_size":"170x110","link":"#"}},"1544426838722-3":{"type":"logo_image","settings":{"image":"shopify:\/\/shop_images\/br_4.png","image_size":"170x110","link":"#"}},"1544426924125":{"type":"logo_image","settings":{"image":"shopify:\/\/shop_images\/br_5.png","image_size":"170x110","link":"#"}},"1544427122437":{"type":"logo_image","settings":{"image":"shopify:\/\/shop_images\/br_6.png","image_size":"170x110","link":"#"}},"1544427144937":{"type":"logo_image","settings":{"image":"shopify:\/\/shop_images\/br_4.png","image_size":"170x110","link":"#"}}},"block_order":["1544426838722-0","1544426838722-1","1544426838722-2","1544426838722-3","1544426924125","1544427122437","1544427144937"],"settings":{"show_container":false,"title":"","column1":"6","column2":"5","column3":"4","column4":"3","column5":"2","owl_navigation":true,"owl_margin":"30","owl_autoplay":false,"owl_autoplay_speed":"10000","owl_speed":"300"}},"1544776039094":{"type":"home-bannerct","settings":{"image1":"shopify:\/\/shop_images\/banner_01.jpg","link1":"#","image2":"shopify:\/\/shop_images\/banner_02.jpg","link2":"#","image3":"shopify:\/\/shop_images\/banner_03.jpg","link23":"#","image4":"shopify:\/\/shop_images\/banner_04.jpg","link4":"#"}},"1544776211883":{"type":"homepage-product-carousel","settings":{"title1":"New arrivals","collection":"frontpage","collection_description":"Lorem ipsum dolor sit amet consectetur adipiscing elit. Sed aci erat dales vitakse\ndalesnon estin vitae egestas enim in pretium nulla.","image_size":"350x420","column1":"4","column2":"3","column3":"2","column4":"2","column5":"1","row":"1","limit":"8","owl_navigation":true,"show_dot":true,"owl_margin":"30","owl_autoplay":false,"owl_autoplay_speed":"10000","owl_speed":"300"}},"1544776491530":{"type":"homepage-product-carousel","settings":{"title1":"Featured Products","collection":"bathroom","collection_description":"Lorem ipsum dolor sit amet consectetur adipiscing elit. Sed aci erat dales vitakse\ndalesnon estin vitae egestas enim in pretium nulla.","image_size":"350x420","column1":"4","column2":"4","column3":"3","column4":"2","column5":"1","row":"1","limit":"8","owl_navigation":true,"show_dot":true,"owl_margin":"30","owl_autoplay":false,"owl_autoplay_speed":"10000","owl_speed":"300"}},"1544776715835":{"type":"home-product-deals","settings":{"show_container":false,"title1":"","list_collection":"accessories","image_size":"700x840","column1":"1","column2":"1","column3":"1","column4":"1","column5":"1","row":"1","limit":"8","owl_navigation":true,"owl_dot":false,"owl_margin":"30","owl_autoplay":false,"owl_autoplay_speed":"10000","owl_speed":"300"}}},"content_for_index":["1543822110739","1543984389870","1544776039094","1544776211883","1544776715835","1544776491530","1544426838722","1543983923292"]},"presets":{"Default":{"color_text":"#3d4246","color_body_text":"#788188","color_sale_text":"#7796A8","color_borders":"#e8e9eb","color_button":"#7796A8","color_button_text":"#fff","color_small_button":"#fff","color_small_button_text":"#3d4246","color_text_field":"#fff","color_text_field_text":"#000","color_image_overlay_text":"#fff","color_image_overlay":"#3d4246","image_overlay_opacity":"0.25","color_body_bg":"#fff","type_header_family":"Google_Work+Sans_600_sans","type_header_base_size":"26px","type_base_family":"Google_Work+Sans_400_sans","type_base_size":"16px","type_bold_product_titles":false,"share_facebook":true,"share_twitter":true,"share_pinterest":true,"sections":{"header":{"type":"header","settings":{}},"footer":{"type":"footer","settings":{}}},"content_for_index":[]},"Light":{"color_text":"#162950","color_body_text":"#757575","color_sale_text":"#ff574f","color_borders":"#e4e4e4","color_button":"#ff574f","color_button_text":"#ffffff","color_small_button":"#eaeaea","color_small_button_text":"#162950","color_text_field":"#ffffff","color_text_field_text":"#162950","color_image_overlay_text":"#ffffff","color_image_overlay":"#3d3d3d","image_overlay_opacity":"0.3","color_body_bg":"#f8f8f8","type_header_family":"Google_Muli_600_sans","type_header_base_size":"26px","type_base_family":"Google_Muli_600_sans","type_base_size":"18px","type_bold_product_titles":true,"share_facebook":true,"share_twitter":true,"share_pinterest":true,"social_twitter_link":"","social_facebook_link":"","social_pinterest_link":"","social_instagram_link":"","social_tumblr_link":"","social_snapchat_link":"","social_youtube_link":"","social_vimeo_link":"","favicon":"","checkout_header_image":"","checkout_logo_image":"","checkout_logo_position":"left","checkout_logo_size":"small","checkout_body_background_image":"","checkout_body_background_color":"#ffffff","checkout_input_background_color_mode":"white","checkout_sidebar_background_image":"","checkout_sidebar_background_color":"#e8f3f6","checkout_heading_font":"Roboto","checkout_body_font":"Source Sans Pro","checkout_accent_color":"#1990c6","checkout_button_color":"#23314e","checkout_error_color":"#ff6d6d","sections":{"header":{"type":"header","settings":{}},"footer":{"type":"footer","settings":{}},"product-template":{"type":"product-template","settings":{"show_vendor":false,"show_quantity_selector":false,"show_share_buttons":true}},"collection-template":{"type":"collection-template","settings":{"grid":"2","rows":"2"}},"blog-template":{"type":"blog-template","settings":{"layout":"grid","blog_show_author":true,"blog_show_date":false}},"article-template":{"type":"article-template","settings":{"blog_show_author":true,"blog_show_date":true,"show_share_buttons":true}},"cart-template":{"type":"cart-template","settings":{"cart_notes_enable":false}}},"content_for_index":[]}}}