{"presets":{},"current":{"logo_use_image":true,"logo_max_height":"80","logo_mob_height":"70","favicon_enable":true,"preloader_enable":true,"base_font":"Google+Dosis","type_base_size":"18px","body_weight_size":"normal","text_spacing":"0","header_font":"Google+PT+Sans","type_weight_size":"bold","type_uppercase":true,"heading_spacing":"0","type_header_base_size":"48px","type_header_base_size_2":"32px","type_header_base_size_3":"28px","type_header_base_size_4":"24px","type_header_base_size_5":"20px","type_header_base_size_6":"18px","other_font":"Google+PT+Sans","color_body_bg":"#ffffff","overlay_bg":"#000000","color_borders":"#e4e4e4","black_borders":"#000000","color_primary":"#60b1ab","color_button_primary_text":"#ffffff","primary_hover_btn":"#ffd78a","primary_hover_btn_text":"#333333","border_radius":"50","color_sold":"#db0022","color_sold_text":"#ffffff","sale_bg":"#ffb001","sale_button_text":"#ffffff","new_bg":"#f1510a","new_button_text":"#ffffff","offer_bg":"#11b00d","offer_button_text":"#ffffff","color_body_text":"#333333","link_color":"#333333","color_primary_color":"#60b1ab","color_heading_type1_color":"#ffd78a","color_heading_color":"#60b1ab","secondary_image_use":true,"show_img_height":false,"products_img_height":"300","product_row_mob":"double","overlay_use":false,"product_overlay":"#000000","products_icon_bg":"#60b1ab","products_icon_clr":"#ffffff","products_icon_hover_bg":"#ffd78a","products_icon_hover_clr":"#ffffff","products_gutter":"15","products_border_radius":"0","products_border_full":true,"products_full_border_width":"1","products_full_border":"#e4e4e4","products_full_hover_border":"#ffb001","products_border_use":false,"products_border_width":"2","products_border":"#b10a0a","products_border_2":"#0fa1ea","products_det_bg":"#f4f4f4","product_title_bg_color":"rgba(0,0,0,0)","product_title_color":"#333333","product_title_hover_color":"#60b1ab","product_price":"#60b1ab","product_cmp_price":"#333333","product_vendor":"#bcbcbc","product_label_color":"#333333","sidebar_bg":"#60b1ab","sidebar_text":"#ffffff","use_breadcrumb":true,"breadcrumb_bg_image":false,"breadcrumb_bg_color":"#f4f4f4","breadcrumb_text_color":"#333333","breadcrumb_text_hover_color":"#60b1ab","arrow_left_img":"shopify:\/\/shop_images\/left-arrow-1.png","arrow_right_img":"shopify:\/\/shop_images\/right-arrow.png","top_to_btm":false,"header_style_1":"style_2","use_sticky_header":true,"use_sticky_mobile":false,"footer_style_1":"style_5","enable_quick_view":true,"show_prt_quickview_desc":true,"display_quick_availability":true,"display_quick_subtotal":true,"collections_show_sale_circle":true,"collections_show_sold_out_circle":true,"offer_price_enable":false,"collections_show_new_circle":false,"new_products_period":"100","display_vendor":true,"display_subtotal":true,"enable_product_detail_link_icon":true,"enable_add_cart":true,"enable_wishlist":true,"display_color_variant":true,"product_review":true,"enable_sidebar_multiple_choice":true,"homepage_sidebar":false,"homepage_sidebar_mobile":true,"collection_sidebar_use":"full_width","collection_sidebar_mobile":true,"product_page_sidebar":"left_sidebar","product_sidebar_mobile":true,"blog_page_sidebar":"left_sidebar","use_custom_list_collection":false,"list-collections":"","collection_btn_text":"Read More","single_product_layout_type":"layout_style_1","display_availability":true,"enable_color_swatch":true,"enable_linked_option":true,"cart_notes_enable":true,"use_ajax_cart":true,"cart_title_bg":"#000000","cart_title_clr":"#ffffff","search_grid":"4","search_results_per_page":"12","show_search_prt":true,"enable_gmap":true,"contact_iframe_code":"<iframe width=\"960\" height=\"578\" style=\"border:0;overflow:hidden;\" src=\"https:\/\/maps.google.co.in\/?ie=UTF8&t=m&ll=-37.823006,144.977388&spn=0.02034,0.042915&z=14&output=embed\"><\/iframe>","enable_contact_section":true,"contact_bg_img":true,"contact_bg_color":"#ffffff","contact_module_contact_phonetitle":"Talk to us","contact_phone1":"<b>Toll-Free: <\/b> 0803 - 080 - 3081","contact_phone2":"<b>Fax: <\/b> 0803 - 080 - 3082","contact_module_contact_title":"Contact Us","contact_module_email":true,"contact_module_email_1":"buddhathemes@somemail.com","contact_module_email2":"support@somemail.com","contact_phone":true,"enable_contact_address":true,"contact_module_address":true,"contact_module_address_title":"Location","contact_module_address1":"No: 58 A, East Madison Street,","contact_module_address2":"Baltimore, MD, USA\r\n4508","display_popup_newsletter":true,"pop_up_newsletter_img_show":true,"popup_newsletter_bg":"#ffffff","popup_newsletter_title":"Get to know the latest offers","popup_newsletter_message":"Subscribe and get notified at first on the latest update and offers!","popup_newsletter_text":"#333333","popup_newsletter_form":"#ffffff","popup_newsletter_form_txt":"#333333","form_note":"We do not spam","newsletter_form_action":"","count_down_enable":true,"count_down_home":true,"count_down_collections":true,"count_down_prodetails":true,"prodetail_deal_label":true,"prodetail_deal_heading":"Hurry, Only few item(s) left!","home_productdeal_time":"1549206487140@10\/24\/2020_00:00:00\n1548529008740@10\/24\/2020_00:00:00\n1553735417956@10\/24\/2020_00:00:00\n1553827659876@10\/24\/2020_00:00:00","dealbtn":"#ffffff","dealbtn_text":"#333333","social_twitter_link":"https:\/\/twitter.com\/shopify","social_facebook_link":"https:\/\/www.facebook.com\/shopify","social_pinterest_link":"","social_google_plus_link":"#","social_instagram_link":"","social_tumblr_link":"#","social_youtube_link":"","social_vimeo_link":"","social_fancy_link":"","social_rss_link":"","social_sharing_blog":true,"social_sharing_count":true,"share_facebook":true,"share_twitter":true,"share_pinterest":true,"share_google":true,"social_sharing_style":"normal","collection_suggest":"","display_index":true,"display_product":true,"display_collection":true,"display_article":true,"display_blog":true,"display_cart":true,"interval_time":"15000","show_close_suggest":true,"display_currency":true,"currency_1_unit":"USD","currency_2_unit":"EUR","currency_3_unit":"GBP","currency_4_unit":"AUD","currency_5_unit":"INR","currency_6_unit":"JPY","currency_7_unit":"CAD","currency_8_unit":"CNY","currency_9_unit":"AED","currency_10_unit":"RUB","password_bg_img":true,"password_logo":true,"logo_txt_color":"#891616","pwd_header":"Opening Soon","pwd_header_color":"#d97373","pwd_show_share_buttons":true,"pwd_social_message":"Spread the word","pwd_newsletter_enable":true,"pwd_newsletter_form_heading":"Be the first to know when we launch.","pwd_newsletter_form_heading_clr":"#2ccc5c","pwd_newsletter_inpt_bg":"#a62323","pwd_newsletter_btn_bg":"#1ee19d","pwd_newsletter_btn_txt":"#ffffff","pwd_newsletter_btn_hoverbg":"#c25454","pwd_newsletter_btn_hovertxt":"#c6cf22","pwd_placeholder_txt":"#54e325","pwd_newsletter_placeholder":"Email address","pwd_newsletter_button_text":"Notify me","social_title_clr":"#b46666","social_icon_clr":"#c6cf22","social__icon_hoverclr":"#dc1dd0","checkout_use_storefront_logo":true,"checkout_logo_position":"left","checkout_logo_size":"medium","checkout_body_background_color":"#ffffff","checkout_input_background_color_mode":"white","checkout_sidebar_background_color":"#fafafa","checkout_heading_font":"Helvetica Neue","checkout_body_font":"Helvetica Neue","checkout_accent_color":"#ffb001","checkout_button_color":"#f1510a","checkout_error_color":"#db0022","enable_filters":true,"filter_height":"200","enable_compare":true,"title_border":"#e7304c","sections":{"sidebar-category":{"type":"sidebar-category","settings":{"enable_sidecategory":true,"linkedlist":"categories-menu","linkedlist_title":"Category"}},"sidebar-bestsellers":{"type":"sidebar-bestsellers","settings":{"show_best_products":true,"title":"Best Sellers","bestseller":"frontpage","limi":"4"}},"sidebar-promoimage":{"type":"sidebar-promoimage","blocks":{"1477474976957":{"type":"content","settings":{"promo_title":"Promo Text"}},"1477475002420":{"type":"content","settings":{"promo_title":"Promo Text"}}},"block_order":["1477474976957","1477475002420"],"settings":{}},"sidebar-colors":{"type":"sidebar-colors","blocks":{"1482228069572":{"type":"image","settings":{"title":"Red","color":"shopify:\/\/shop_images\/red.png"}},"1482228109496":{"type":"image","settings":{"title":"Pink","color":"shopify:\/\/shop_images\/hotpink.png"}},"1477476837114":{"type":"image","settings":{"title":"Blue","color":"shopify:\/\/shop_images\/blue.png"}},"1477476859401":{"type":"image","settings":{"title":"Orange","color":"shopify:\/\/shop_images\/orange.png"}},"1482228137200":{"type":"image","settings":{"title":"Sandal","color":"shopify:\/\/shop_images\/sandal.png"}},"1477476905451":{"type":"image","settings":{"title":"Gold","color":"shopify:\/\/shop_images\/gold.png"}},"1477476872443":{"type":"image","settings":{"title":"White","color":"shopify:\/\/shop_images\/white.png"}},"1482228095184":{"type":"image","settings":{"title":"Brown","color":"shopify:\/\/shop_images\/brown.png"}},"1477476891997":{"type":"image","settings":{"title":"Gray","color":"shopify:\/\/shop_images\/gray.png"}},"1477476823589":{"type":"image","settings":{"title":"Black","color":"shopify:\/\/shop_images\/black.png"}}},"block_order":["1482228069572","1482228109496","1477476837114","1477476859401","1482228137200","1477476905451","1477476872443","1482228095184","1477476891997","1477476823589"],"settings":{"enable_shop_by_tags_1":true,"shop_by_tags_1_title":"Shop By Color"}},"sidebar-tag-filters":{"type":"sidebar-tag-filters","blocks":{"1477476983857":{"type":"text","settings":{"enable_shop_by_tags":true,"shop_by_tags_title":"Shop By Size","shop_by_tags_list":"S, M, L"}},"1477477078599":{"type":"text","settings":{"enable_shop_by_tags":true,"shop_by_tags_title":"Shop By Price","shop_by_tags_list":"$100 - $200, $200 - $300, $300 - $500, $500 - $700, $700 - $1000"}},"1477476999076":{"type":"text","settings":{"enable_shop_by_tags":true,"shop_by_tags_title":"Shop By Material","shop_by_tags_list":"Wood, Fiber, Plastic, Steel , Iron"}},"1553153585430":{"type":"text","settings":{"enable_shop_by_tags":true,"shop_by_tags_title":"Shop By Brand","shop_by_tags_list":"Deliter, Woodland, Dramax, \t\nColovos, Fubes"}}},"block_order":["1477476983857","1477477078599","1477476999076","1553153585430"],"settings":{}},"faqs":{"type":"faqs","blocks":{"1483333359453":{"type":"text","settings":{"title":"Question","description":"Answer :<br>\r\nLorem ipsum dolor sit amet, consectetur adipiscing elit, sed do eiusmod tempor incididunt ut labore et dolore magna aliqua. Ut enim ad minim veniam, quis nostrud exercitation ullamco laboris nisi ut aliquip ex ea commodo consequat. Duis aute irure dolor in reprehenderit in voluptate velit esse cillum dolore eu fugiat nulla pariatur. Excepteur sint occaecat cupidatat non proident, sunt in culpa qui official."}},"1483333363494":{"type":"text","settings":{"title":"Question","description":"Answer :<br>\r\nLorem ipsum dolor sit amet, consectetur adipiscing elit, sed do eiusmod tempor incididunt ut labore et dolore magna aliqua. Ut enim ad minim veniam, quis nostrud exercitation ullamco laboris nisi ut aliquip ex ea commodo consequat. Duis aute irure dolor in reprehenderit in voluptate velit esse cillum dolore eu fugiat nulla pariatur. Excepteur sint occaecat cupidatat non proident, sunt in culpa qui official."}},"1483333365467":{"type":"text","settings":{"title":"Question","description":"Answer :<br>\r\nLorem ipsum dolor sit amet, consectetur adipiscing elit, sed do eiusmod tempor incididunt ut labore et dolore magna aliqua. Ut enim ad minim veniam, quis nostrud exercitation ullamco laboris nisi ut aliquip ex ea commodo consequat. Duis aute irure dolor in reprehenderit in voluptate velit esse cillum dolore eu fugiat nulla pariatur. Excepteur sint occaecat cupidatat non proident, sunt in culpa qui official."}},"1483333367109":{"type":"text","settings":{"title":"Question","description":"Answer :<br>\r\nLorem ipsum dolor sit amet, consectetur adipiscing elit, sed do eiusmod tempor incididunt ut labore et dolore magna aliqua. Ut enim ad minim veniam, quis nostrud exercitation ullamco laboris nisi ut aliquip ex ea commodo consequat. Duis aute irure dolor in reprehenderit in voluptate velit esse cillum dolore eu fugiat nulla pariatur. Excepteur sint occaecat cupidatat non proident, sunt in culpa qui official."}},"1483333368739":{"type":"text","settings":{"title":"Question","description":"Answer :<br>\r\nLorem ipsum dolor sit amet, consectetur adipiscing elit, sed do eiusmod tempor incididunt ut labore et dolore magna aliqua. Ut enim ad minim veniam, quis nostrud exercitation ullamco laboris nisi ut aliquip ex ea commodo consequat. Duis aute irure dolor in reprehenderit in voluptate velit esse cillum dolore eu fugiat nulla pariatur. Excepteur sint occaecat cupidatat non proident, sunt in culpa qui official."}},"1483333369796":{"type":"text","settings":{"title":"Question","description":"Answer :<br>\r\nLorem ipsum dolor sit amet, consectetur adipiscing elit, sed do eiusmod tempor incididunt ut labore et dolore magna aliqua. Ut enim ad minim veniam, quis nostrud exercitation ullamco laboris nisi ut aliquip ex ea commodo consequat. Duis aute irure dolor in reprehenderit in voluptate velit esse cillum dolore eu fugiat nulla pariatur. Excepteur sint occaecat cupidatat non proident, sunt in culpa qui official."}},"1483333371707":{"type":"text","settings":{"title":"Question","description":"Answer :<br>\r\nLorem ipsum dolor sit amet, consectetur adipiscing elit, sed do eiusmod tempor incididunt ut labore et dolore magna aliqua. Ut enim ad minim veniam, quis nostrud exercitation ullamco laboris nisi ut aliquip ex ea commodo consequat. Duis aute irure dolor in reprehenderit in voluptate velit esse cillum dolore eu fugiat nulla pariatur. Excepteur sint occaecat cupidatat non proident, sunt in culpa qui official."}}},"block_order":["1483333359453","1483333363494","1483333365467","1483333367109","1483333368739","1483333369796","1483333371707"],"settings":{}},"brands":{"type":"brands","settings":{"title":""}},"header-model-1":{"type":"header-model-1","settings":{"display_search":true,"display_minicart":true,"currency_icon":"#f1510a","currency_icon_hover":"#ffb001","currency_bg":"#dec3c3","currency_link":"#a91515","logo_bar_bg":"rgba(0,0,0,0)","logo_text":"#f1510a","logo_hover_text":"#ffb001","border_between_bars":"#e4e4e4","search_icon":"#f1510a","search_icon_hover":"#ffb001","search_bg":"#ffffff","search_text":"#000000","Btn_text":"#ffffff","search_btn_hover":"#000000","search_btn_bg":"#000000","search_btn_bghover":"#ffb001","minicart_icon":"#f1510a","minicart_icon_hover":"#ffb001","minicart_bg":"#ffffff","minicart_text":"#000000","minicart_link":"#f1510a","minicart_link_hover":"#ffb001","minicart_btn_bg":"#000000","minicart_btn_hover_bg":"#000000","minicart_btn_text":"#ffffff","minicart_btn_hover_text":"#35b8f4","minicart_total":"#000000","menubar_bg":"#ffffff","menubar_links":"#000000","menubar_links_hover":"#ffb001","menu_active":"#f1510a","menubar_dropdown_bg":"#ffffff","menubar_dropdown_caption":"#000000","menubar_dropdown_caption_hover":"#f1510a","menubar_dropdown_links":"#000000","menubar_dropdown_links_hover":"#ffb001"}},"header-model-2":{"type":"header-model-2","settings":{"display_search":true,"display_minicart":true,"display_wishlist":true,"logo_text":"#ffffff","logo_hover_text":"#ffd78a","border_between_bars":"#d4d4d4","search_icon":"#ffffff","search_icon_hover":"#ffd78a","dropdown_icon":"#ffffff","dropdown_icon_hover":"#ffd78a","dropdown_bg":"#ffffff","dropdown_link":"#4a5460","dropdown_hover_link":"#60b1ab","minicart_icon":"#ffffff","minicart_icon_hover":"#ffd78a","minicart_count":"#ffffff","minicart_count_bg":"#4a5460","minicart_count_hover_bg":"#ffd78a","minicart_count_hover_text":"#4a5460","minicart_bg":"#ffffff","minicart_text":"#4a5460","minicart_link":"#4a5460","minicart_link_hover":"#60b1ab","minicart_btn_bg":"#4a5460","minicart_btn_hover_bg":"#60b1ab","minicart_btn_text":"#ffffff","minicart_btn_hover_text":"#ffffff","minicart_total":"#60b1ab","currency_icon":"#ffffff","currency_icon_hover":"#ffd78a","currency_bg":"#ffffff","currency_link":"#4a5460","menubar_bg":"#4a5460","menubar_links":"#ffffff","menubar_links_hover":"#ffd78a","menu_active":"#ffd78a","menubar_dropdown_bg":"#ffffff","menubar_dropdown_caption":"#4a5460","menubar_dropdown_caption_hover":"#60b1ab","menubar_dropdown_links":"#4a5460","menubar_dropdown_links_hover":"#60b1ab"}},"header-model-3":{"type":"header-model-3","settings":{"display_search":true,"display_minicart":true,"display_wishlist":true,"border_between_bars":"#d02424","logo_text":"#ffffff","logo_hover_text":"#ffffff","minicart_count_bg":"#f1510a","minicart_count_hover_bg":"#ffb001","search_bg":"#ffffff","search_icon":"#ffffff","search_icon_hover":"#ffffff","search_text":"#333333","search_link":"#333333","search_link_hover":"#f1510a","dropdown_icon":"#ffffff","dropdown_icon_hover":"#ffffff","dropdown_bg":"#ffffff","dropdown_link":"#333333","dropdown_hover_link":"#ffb001","minicart_icon":"#ffffff","minicart_icon_hover":"#ffffff","minicart_count":"#ffffff","minicart_count_hover_text":"#ffffff","minicart_bg":"#ffffff","minicart_text":"#333333","minicart_link":"#333333","minicart_link_hover":"#ffb001","minicart_btn_bg":"#f1510a","minicart_btn_hover_bg":"#ffb001","minicart_btn_text":"#ffffff","minicart_btn_hover_text":"#ffffff","minicart_total":"#f1510a","menubar_bg":"#ffffff","menubar_links":"#333333","menubar_links_hover":"#f1510a","menu_active":"#f1510a","menubar_dropdown_bg":"#ffffff","menubar_dropdown_caption":"#333333","menubar_dropdown_caption_hover":"#ffb001","menubar_dropdown_links":"#333333","menubar_dropdown_links_hover":"#ffb001"}},"header-model-4":{"type":"header-model-4","settings":{"display_top_bar":true,"display_search":true,"display_minicart":true,"logo_bar_bg":"#ffffff","logo_text":"#f1510a","logo_hover_text":"#ffb001","currency_icon":"#f1510a","currency_icon_hover":"#ffb001","currency_bg":"#f1510a","currency_link":"#ceaaaa","search_icon":"#f1510a","search_icon_hover":"#ffb001","search_bg":"#ffffff","search_text":"#000000","Btn_text":"#000000","search_btn_hover":"#ffffff","search_btn_bg":"rgba(0,0,0,0)","search_btn_bghover":"#35b8f4","minicart_count":"#ffffff","minicart_count_bg":"#f1510a","minicart_count_hover_bg":"#ffb001","minicart_count_hover_text":"#ffffff","minicart_bg":"#ffffff","minicart_text":"#000000","minicart_link":"#f1510a","minicart_link_hover":"#ffb001","minicart_btn_bg":"#e82626","minicart_btn_hover_bg":"#000000","minicart_btn_text":"#ffffff","minicart_btn_hover_text":"#ffffff","minicart_total":"#f1510a","menubar_bg":"#ffffff","clr_border_image":false,"menubar_links":"#000000","menubar_links_hover":"#000000","menu_active":"#f1510a","border_between_bars":"#e4e4e4","menubar_dropdown_bg":"#ffffff","menubar_dropdown_caption":"#000000","menubar_dropdown_caption_hover":"#f1510a","menubar_dropdown_links":"#000000","menubar_dropdown_links_hover":"#ffb001"}},"header-model-5":{"type":"header-model-5","settings":{"display_search":true,"display_minicart":true,"display_wishlist":true,"login_txt_clr":"#ffffff","login_hovertxt_clr":"#ffffff","logo_bar_bg":"#ffffff","logo_text":"#f1510a","logo_hover_text":"#ffb001","border_between_bars":"#e4e4e4","currency_icon":"#f1510a","currency_icon_hover":"#ffb001","currency_bg":"#ffffff","currency_link":"#000000","dropdown_icon":"#f1510a","dropdown_icon_hover":"#ffb001","dropdown_bg":"#ffffff","dropdown_link":"#000000","dropdown_hover_link":"#ffb001","search_icon":"#f1510a","search_icon_hover":"#ffb001","search_bg":"#ffffff","search_text":"#000000","Btn_text":"#ffffff","search_btn_hover":"#ffffff","search_btn_bg":"#f1510a","search_btn_bghover":"#ffb001","minicart_count":"#f1510a","minicart_icon_hover":"#ffb001","minicart_bg":"#ffffff","minicart_text":"#000000","minicart_link":"#000000","minicart_link_hover":"#ffb001","minicart_btn_bg":"#ffffff","minicart_btn_hover_bg":"#35b8f4","minicart_btn_text":"#000000","minicart_btn_hover_text":"#ffffff","minicart_total":"#000000","menubar_bg":"#ffffff","menubar_links":"#000000","menubar_links_hover":"#ffb001","menu_active":"#f1510a","menubar_dropdown_bg":"#ffffff","menubar_dropdown_caption":"#000000","menubar_dropdown_caption_hover":"#f1510a","menubar_dropdown_links":"#000000","menubar_dropdown_links_hover":"#ffb001"}},"header-model-6":{"type":"header-model-6","settings":{"display_search":true,"display_minicart":true,"logo_bar_bg":"#ffffff","logo_text":"#000000","logo_hover_text":"#000000","top_promo_link_1":"@","border_between_bars":"#e4e4e4","currency_icon":"#f1510a","currency_icon_hover":"#ffb001","currency_bg":"#ffffff","currency_link":"#000000","search_bg":"rgba(0,0,0,0)","search_icon":"#000000","search_icon_hover":"#cde406","search_btn_bg":"rgba(0,0,0,0)","search_btn_text":"#f1510a","search_btn_text_hvr":"#ffffff","search_bg_hover":"#ffb001","search_text":"#000000","minicart_icon":"#f1510a","minicart_icon_hover":"#ffb001","minicart_bg":"#ffffff","minicart_text":"#000000","minicart_link":"#000000","minicart_link_hover":"#f1510a","minicart_btn_bg":"#000000","minicart_btn_hover_bg":"#ffb001","minicart_btn_text":"#ffffff","minicart_btn_hover_text":"#ffffff","minicart_total":"#f1510a","menubar_bg":"#ffffff","clr_border_image":false,"menubar_links":"#000000","menubar_links_hover":"#ffb001","menu_active":"#f1510a","menubar_dropdown_bg":"#ffffff","menubar_dropdown_caption":"#000000","menubar_dropdown_caption_hover":"#f1510a","menubar_dropdown_links":"#000000","menubar_dropdown_links_hover":"#ffb001"}},"header-model-7":{"type":"header-model-7","settings":{"display_search":true,"display_minicart":true,"display_wishlist":true,"drop_dw_bgclr":"#000000","drop_dw_txtclr":"#ffffff","drop_dw_txthoverclr":"#ffffff","logo_bar_bg":"#ffffff","logo_text":"#f1510a","logo_hover_text":"#ffb001","currency_icon":"#f1510a","currency_icon_hover":"#ffb001","currency_bg":"#ffffff","currency_link":"#000000","search_icon":"#f1510a","search_icon_hover":"#ffb001","search_bg":"#ffffff","search_text":"#000000","Btn_text":"#f1510a","search_btn_hover":"#ffb001","search_btn_bg":"#000000","search_btn_bghover":"#000000","minicart_count":"#f1510a","minicart_count_bg":"#ffffff","minicart_count_hover_bg":"#ffb001","minicart_count_hover_text":"#ffffff","minicart_bg":"#f1510a","minicart_text":"#ffffff","minicart_link":"#f1510a","minicart_link_hover":"#ffb001","minicart_btn_bg":"#c2e10d","minicart_btn_hover_bg":"#000000","minicart_btn_text":"#ffffff","minicart_btn_hover_text":"#ffffff","minicart_total":"#ffffff","menubar_bg":"#ffffff","clr_border_image":false,"menubar_links":"#000000","menubar_links_hover":"#ffb001","menu_active":"#f1510a","menubar_dropdown_bg":"#ffffff","menubar_dropdown_caption":"#000000","menubar_dropdown_caption_hover":"#f1510a","menubar_dropdown_links":"#000000","menubar_dropdown_links_hover":"#ffb001"}},"header-model-8":{"type":"header-model-8","settings":{"header_bg_clr":"#4a5460","show_bg_overlayclr":true,"display_search":true,"display_minicart":true,"display_wishlist":true,"search_bg":"#ffffff","search_icon":"#ffffff","search_icon_hover":"#60b1ab","search_text":"#000000","search_btn_text":"#60b1ab","search_btn_hover":"#ffd78a","logo_text":"#ffffff","logo_hover_text":"#60b1ab","currency_icon":"#ffffff","currency_icon_hover":"#60b1ab","currency_bg":"#ffffff","currency_link":"#333333","dropdown_icon":"#ffffff","dropdown_icon_hover":"#60b1ab","dropdown_bg":"#ffffff","dropdown_link":"#333333","dropdown_hover_link":"#ffd78a","minicart_icon":"#ffffff","minicart_icon_hover":"#60b1ab","minicart_count":"#333333","minicart_count_bg":"#ffffff","minicart_count_hover_bg":"#ffd78a","minicart_count_hover_text":"#4a5460","minicart_bg":"#ffffff","minicart_text":"#333333","minicart_link":"#333333","minicart_link_hover":"#60b1ab","minicart_total":"#60b1ab","menubar_bg_img":"shopify:\/\/shop_images\/dark-bg.jpg","menubar_bg":"#60b1ab","menubar_links":"#ffffff","menubar_links_hover":"#60b1ab","menu_active":"#60b1ab","menubar_dropdown_bg":"#ffffff","menubar_dropdown_caption":"#333333","menubar_dropdown_caption_hover":"#60b1ab","menubar_dropdown_links":"#333333","menubar_dropdown_links_hover":"#60b1ab","mobile_menu_icon_clr":"#ffffff","mobile_menu_icon_hoverclr":"#ffd78a"}},"footer-model-1":{"type":"footer-model-1","settings":{"footer_bg_clr":"#ffffff","footer_border_image":true,"footer_border":"#423f3f","footer_bg_img":true,"footer_heading_clr":"#f1510a","footer_txt_clr":"#333333","footer_link_clr":"#333333","footer_link_hover_clr":"#ffb001","copyright_clr":"#333333","copyright_link":"#333333","copyright_link_hover":"#ffb001","footer_menu_clr":"#333333","footer_menu_hover_clr":"#ffb001","show_footer_text":true,"footer_text":"About us","footer_short_text":"Pellentesque posuere orci lobortis scelerisque blandit. Donec id tellus lacinia an, tincidunt risus ac, consequat velit.Donec id tellus lacinia an, tincidunt risus ac, consequat velit","abt_link_clr":"#f1510a","abt_link_hover_clr":"#000000","abt_link_text":"Read More","abt_link":"\/collections\/all","footer_menu_1":"footer","footer_menu_1_title":"Help","footer_menu_2":"","footer_menu_2_title":"Support","footer_menu_3":"","footer_menu_3_title":"Information","show_contact":true,"footer_menu_4_title":"Contact us","footer_address":"11244 Niki Lauda 455 Newzealand","footer_contact_no":"Hotline : 8 (495) 989—20—11","office_hours":"Open - Close : 09:00 - 21:00","footer_contact_id":"Mail: hello@somedomain.com","footer_contact_link":"hello@somedomain.com","footer_social_enable":true,"social_title":"Connect with us","social_link":"#333333","social_link_hover":"#f1510a","footer_menu":true,"footer":"footer","footer_show_methods_of_payment":true,"payment_color":"#000000","payment_hover_color":"#d5d5cd","accept_visa":true,"payment_icon_1":"fab fa-cc-paypal","payment_icon_2":"fab fa-cc-visa","payment_icon_3":"fab fa-cc-amex","payment_icon_4":"fab fa-cc-mastercard","payment_icon_5":"fab fa-cc-diners-club","payment_icon_6":"fab fa-cc-discover","payment_icon_7":"","payment_icon_8":"","payment_icon_9":"","payment_icon_10":"","show_powered_by":true,"copyright":"Copyright"}},"footer-model-2":{"type":"footer-model-2","settings":{"footer_bg":false,"disable_animation":false,"footer_bg_color":"#ffffff","show_footer_logo":true,"footer_logo_alt":"Huge","footer_border_clr":"#d4d4d4","footer_title_clr":"#f1510a","footer_text_clr":"#333333","link_clr":"#333333","footer_link_hover_clr":"#ffb001","show_contact":true,"footer_contact_title":"Contact us","font_class_1":"fas fa-home","footer_address":"520,West valey, Anim ad minim,","font_class_2":"fas fa-phone","footer_contact_no":"+91 1234567890","footer_contact_id":"mail@somedomain.com","font_class_3":"far fa-envelope","footer_contact_link":"mail@somedomain.com","footer_social_enable":true,"social_title":"Share with us","social_txt":"Special offers on social networks","social_link_border_clr":"#000000","footer_link_clr":"#000000","social_link_hover_clr":"#ffffff","social_link_bghover_clr":"#ffb001","footer_newsletter_enable":true,"title":"Newsletter","text":"Subscribe our newsletter","newsletter_form_action":"","instagram_use":true,"accessToken":"3317628269.1677ed0.36abb12d7c1b49aea51cfd8d83e8df36","ins_title":"Instagram Feed","ins_title_1_clr":"#f1510a","sort":"most-recent","use_overlay":true,"overlay":"#ffffff","footer_show_methods_of_payment":true,"footer_dec":"Pellentesque posuere orci lobortis scelerisque blandit. Donec id tellus lacinia an, tincidunt risus ac, consequat velit.","show_powered_by":true,"copyright":"Copyright @ Icam","copyright_bg":"#ffffff","copyright_text":"#333333","copyright_link":"#333333","copyright_link_hover":"#ffb001"}},"footer-model-4":{"type":"footer-model-4","settings":{"footer_bg":"#ffffff","footer_title":"#000000","footer_text":"#333333","footer_link":"#333333","footer_link_hover":"#ffb001","footer_logo_enable":true,"welcome_text":"Pellentesque posuere orci lobortis scelerisque blandit. Donec id tellus lacinia an, tincidunt risus ac, consequat velit. <br><br>Quisquemos sodales suscipit tortor ditaemcos condimentum lacus meleifend menean viverra auctor blanditos.","footer_social_enable":true,"footer_social_link":"#f1510a","footer_social_link_hover":"#ffffff","footer_social_link_border":"#f1510a","footer_social_link_hover_border":"#ffb001","footer_social_link_hover_bg":"#ffb001","footer_about_section":true,"show_footer_best_products":true,"footer_best_heading":"Best sellers","footer_bestseller_collection":"","footer_bestseller_collection_limit":"4","enable_footer_by_tags":true,"footer_tags_heading":"Tags","footer_by_tags_list_tags":"Fashion, Beauty, Handbag, Shoes","footer_tag_link":"#000000","footer_tag_link_hover":"#ffffff","footer_tag_link_border":"#f1510a","footer_tag_link_hover_border":"#ffb001","footer_tag_link_hover_bg":"#ffb001","use_footer_links":true,"footer_menu_4_title":"Information","footer_menu_4":"footer","footer_contact_enable":true,"footer_contact_heading":"We are @","address_heading":"Address","footer_address":"No: 58 A, East Madison Street,<br>\r\nBaltimore, MD, USA 4508","email_heading":"Email","footer_email":"buddhathemes@somemail.com","footer_email_2":"support@somemail.com","phone_heading":"Phone","footer_phone":"+91 1234567890","footer_phone_2":"0803 - 080 - 3082","fax_heading":"Fax","footer_fax_no":"2542 2445 2566","use_footer_bottom":true,"footer_bottom_bg":"#ffffff","copyright_text":"#000000","copyright_link":"#000000","copyright_link_hover":"#ffb001","copyright":"Copyright","use_powered_by":true,"footer_show_methods_of_payment":true}},"footer-model-5":{"type":"footer-model-5","settings":{"footer_left_bg":false,"footer_left_bg_color":"#ffffff","footer_title":"#000000","footer_text":"#333333","footer_link":"#333333","footer_link_hover":"#ffb001","footer_logo_enable":true,"welcome_text":"Lorem ipsum dolor sit amet, consectetuer adipiscing elit, sed diam nonummy nibh euismod tincidunt ut laoreet dolore magna aliquam erat volutpat. <br><br>Ut wisi enim ad minim veniam, quis nostrud exerci tation ullamcorper suscipit lobortis nisl ut aliquip ex ea commodo consequat.","welcome_text_color":"#000000","footer_show_methods_of_payment":true,"payment_title":"Payment Method","payment_text":"Lorem ipsum dolor sit amet, consectetuer adipiscing elit, sed diamLorem ipsum dolor sit amet, consectetuer adipiscing elit, sed diam","footer_social_enable":true,"social_title":"Connect with us","social_subheading":"Follow us on","footer_about_section":true,"footer_right_bg":"#ffffff","footer_menu_1":"footer","footer_menu_1_title":"Help","footer_menu_2":"","footer_menu_2_title":"Support","footer_menu_3":"","footer_menu_3_title":"Information","show_contact":true,"footer_icon_bg":"#ffffff","footer_icon_text":"#333333","footer_menu_4_title":"Contact us","footer_address":"Address : No 40 Baria Sreet 133\/2 NewYork City, NY, United States.","footer_contact_no":"Phone 1 : 0123456789 <br> Phone 2 : 0123456789","footer_contact_id":"Email : support@lovefashion.com","footer_contact_link":"support@lovefashion.com","use_footer_bottom":true,"copyright":"Copyright","copyright_border":"#000000","copyright_text_clr":"#333333","copyright_link":"#333333","copyright_link_hover_clr":"#ffb001","use_powered_by":true}},"footer-model-6":{"type":"footer-model-6","settings":{"footer_bg":"#ffffff","footer_text":"#60b1ab","footer_logo_enable":false,"footer_logo":"shopify:\/\/shop_images\/footer-logo.png","footer_newsletter_enable":true,"newsletter_form_action":"","input_bg":"#60b1ab","input_text":"#ffffff","newsletter_btn_bg":"#ffffff","newsletter_btn_text":"#60b1ab","color_footer_news_btn_bg":"#ffffff","color_footer_news_btn_text":"#ffd78a","footer_social_enable":true,"social_icon_clr":"#333333","social_icon_hover_clr":"#60b1ab","border_btm_clr":"#e4e4e4","show_contact":true,"footer_contact_title":"Contact us","footer_address":"1203 Town Center Drive,<br> FL 33458, USA","footer_contact_no":"+841 123 456 78","footer_contact_id":"info@lindashop.com","footer_contact_link":"info@lindashop.com","footer_link":"#333333","color_footer_link_hover":"#60b1ab","footer_menu_1_title":"Help","footer_menu_1":"footer","footer_menu_2_title":"Support","footer_menu_2":"footer-menu-2","footer_menu_3_title":"Information","footer_menu_3":"footer-menu-3","use_footer_bottom":true,"footer_bottom_bg":"#e4e4e4","footer_bottom_text":"#333333","footer_bottom_text_hover":"#60b1ab","footer_menu_border":"#e4e4e4","footer_menu_4":"footer","copyright_bg":"#f4f4f4","copyright_text":"#333333","copyright_color":"#333333","copyright_link_color":"#60b1ab","copyright":"Copyright","use_powered_by":true,"footer_show_methods_of_payment":true,"payment_icon_1":"shopify:\/\/shop_images\/card-icons_0000_23.png","payment_icon_2":"shopify:\/\/shop_images\/card-icons_0001_22.png","payment_icon_3":"shopify:\/\/shop_images\/card-icons_0015_8.png","payment_icon_4":"shopify:\/\/shop_images\/card-icons_0018_5.png","payment_icon_5":"shopify:\/\/shop_images\/card-icons_0023_1.png"}},"footer-model-7":{"type":"footer-model-7","settings":{"footer_bg":"#ffffff","footer_bg_image_show":false,"footer_border":"#ffffff","footer_links_border":"#363434","footer_title":"#f1510a","footer_text":"#333333","footer_link":"#333333","footer_link_hover":"#ffb001","footer_link_icon":"#f1510a","footer_coll_cnt":"#515050","footer_logo_enable":true,"welcome_text":"Pellentesque posuere orci lobortis scelerisque blandit. Donec id tellus lacinia an, tincidunt risus ac, consequat velit.","footer_social_enable":true,"footer_social_link":"#333333","footer_social_link_hover":"#ffffff","footer_social_link_border":"#3e3e3e","footer_social_link_hover_border":"#ffb001","footer_social_link_hover_bg":"#ffb001","footer_about_section":true,"footer_blog_section":true,"pick_footer_blog":"news","footer_menu_3_title":"Recent Posts","blog_limit":"4","blog_title_clr":"#333333","blog_title_hover_clr":"#ffb001","show_blog_4_date":true,"blog_date_clr":"#f1510a","show_blog_comment":true,"blog_comment_clr":"#ffb001","use_footer_links":true,"footer_menu_4_title":"Categories","footer_menu_4":"","footer_contact_enable":true,"footer_address":"No: 58 A, East Madison Street,<br>\r\nBaltimore, MD, USA 4508","footer_email":"buddhathemes@somemail.com","footer_email_2":"","footer_phone":"+91 1234567890","footer_phone_2":"","footer_fax_no":"2542 2445 2566","instagram_use":true,"accessToken":"3317628269.1677ed0.36abb12d7c1b49aea51cfd8d83e8df36","ins_title":"Instagram Feed","ins_title_1_clr":"#f1510a","sort":"none","use_overlay":true,"overlay":"#000000","use_footer_bottom":true,"footer_bottom_bg":"#ffffff","copyright_text":"#333333","copyright_link":"#333333","copyright_link_hover":"#ffb001","copyright":"Copyright","use_powered_by":true,"footer_show_methods_of_payment":true}},"footer-model-15":{"type":"footer-model-15","settings":{"bg_color":"#ffffff","footer_logo_enable":true,"footer_text":"#ffffff","use_footer_bottom":true,"footer_bottom_text":"#333333","footer_bottom_text_hover":"#ffb001","footer_menu_4":"","footer_show_methods_of_payment":true,"show_powered_by":true,"copyright":"Copyright © 2018, Handi Mart","copyright_bg":"#ffffff","copyright_text":"#333333","copyright_link":"#333333","copyright_link_hover":"#ffb001","footer_social_enable":true,"social_title":"","social_icon_clr":"#333333","social_iconbg_clr":"#f1510a","social_icon_hover_clr":"#ffb001","social_icon_bghover_clr":"#ffb001"}},"footer-model-17":{"type":"footer-model-17","settings":{"bg_color":"#ff91af","news_frmtp_txt":"ORDER NOW","news_frm_1_txt":"#ffffff","news_frm_txt":"Choose your Ice Cream","news_frm_2_txt":"#ffffff","news_frmbt_txt":"Flat 20% Offer","news_frm_3_txt":"#ffffff","news_frmbt_1_txt":"","news_frm_4_txt":"#ffffff","footer_logo_enable":true,"footer_newsletter_enable":true,"newsletter_form_action":"","input_bg":"#000000","input_text":"#000000","newsletter_btn_bg":"#000000","newsletter_btn_text":"#ffffff","color_footer_news_btn_bg":"#636363","color_footer_news_btn_text":"#636363","copyright_bg":"#ffdea6","copyright_text":"#000000","copyright_color":"#000000","copyright_link_color":"#ff91af","copyright":"Copyright","use_powered_by":true,"footer_show_methods_of_payment":true,"use_footer_bottom":true,"footer_bottom_text":"#ffffff","footer_bottom_text_hover":"#ffdea6","footer_menu_4":"main-menu"}},"footer-model-22":{"type":"footer-model-22","settings":{"bg_color":"#ffffff","show_footer_overlay":false,"overlay_bg_color":"#000000","footer_logo_enable":true,"use_footer_bottom":true,"footer_bottom_text":"#333333","footer_bottom_text_hover":"#ffb001","footer_bottom_border_clr":"#000000","footer_menu_4":"","footer_social_enable":true,"footer_social_link":"#b19677","footer_social_link_hover":"#ffb001","footer_show_methods_of_payment":true,"show_powered_by":true,"copyright":"Copyright","copyright_text":"#333333","copyright_link":"#333333","copyright_link_hover":"#ffb001","copyright_sml_txt":"Made with love in Europe.","copyright_sml_txt_clr":"#f1510a"}},"custom-text-type-1":{"type":"custom-text-type-1","blocks":{"1500546641912":{"type":"text","settings":{"class":"fas fa-gift","class_color":"#ffffff","icon_bg_color":"#60b1ab","title":"Special offer 1 + 1 = 3","title_color":"#4a5460","sub_title":"","sub_title_color":"#333333","desc":"Lorem ipsum dolor sit amet, consectetur adipiscing elit.","desc_color":"#333333","link":"#"}},"1500546704884":{"type":"text","settings":{"class":"fas fa-money-check","class_color":"#ffffff","icon_bg_color":"#60b1ab","title":"Free reward card","title_color":"#4a5460","sub_title":"","sub_title_color":"#4a5460","desc":"Ut enim ad minim veniam, quis nostrud exercitation ullamco.","desc_color":"#4a5460","link":"#"}},"1500546793110":{"type":"text","settings":{"class":"fas fa-truck","class_color":"#ffffff","icon_bg_color":"#60b1ab","title":"Free shipping","title_color":"#4a5460","sub_title":"","sub_title_color":"#4a5460","desc":"Fugiat nulla pariatur. Excepteur sint occaecat cupidatat.","desc_color":"#4a5460","link":"#"}},"1500546865134":{"type":"text","settings":{"class":"fas fa-undo","class_color":"#ffffff","icon_bg_color":"#60b1ab","title":"Order return","title_color":"#4a5460","sub_title":"","sub_title_color":"#4a5460","desc":"nisi ut aliquip ex ea commodo consequat. Duis aute irure dolor.","desc_color":"#4a5460","link":""}}},"block_order":["1500546641912","1500546704884","1500546793110","1500546865134"],"settings":{"bg_color":"#ffffff"}},"product-sidebar-deals":{"type":"product-sidebar-deals","settings":{"show_best_products":true,"title":"Hot Deals","dealitems":"frontpage","dealbtn":"#000000","dealbtn_text":"#ffffff","limit":"4"}},"footer-model-9":{"type":"footer-model-9","settings":{"footer_bg":"#ffffff","footer_text":"#f1510a","footer_input_bg":"#ffffff","input_text":"#333333","newsletter_btn_text":"#ffffff","color_footer_news_btn_text":"#333333","show_contact":true,"footer_contact_title":"Contact us","footer_address":"No: 58 A, East Madison Street,\nBaltimore, MD, USA 4508","footer_contact_no":"+91 12345678","footer_contact_id":"support@somemail.com","footer_contact_link":"support@somemail.com","footer_show_methods_of_payment":true,"show_powered_by":true,"copyright":"Copyright @ 2018 Icam","copyright_bg":"#ffffff","copyright_text":"#333333","copyright_link":"#000000","copyright_link_hover":"#000000","footer_link":"#000000","color_footer_link_hover":"#ffb001","footer_menu_1_title":"Help","footer_menu_1":"footer","footer_menu_2_title":"Support","footer_menu_2":"","footer_menu_3_title":"Information","footer_menu_3":"","section_title":"Subscribe to our newsletter","subheading":"A short sentence describing what someone will receive by subscribing","footer_social_enable":true,"social_title":"Connect with us","social_icon_clr":"#333333","social_icon_hover_clr":"#ffb001"}},"footer-model-10":{"type":"footer-model-10","settings":{"footer_bg_clr":"#ffffff","footer_border":"#ffffff","footer_bg_img":false,"footer_heading_clr":"#f1510a","footer_txt_clr":"#000000","footer_link_clr":"#000000","footer_link_hover_clr":"#ffb001","copyright_clr":"#000000","copyright_link":"#000000","copyright_link_hover":"#000000","footer_menu_clr":"#000000","footer_menu_hover_clr":"#000000","footer_menu_1":"footer","footer_menu_1_title":"Help","footer_menu_2":"","footer_menu_2_title":"Support","footer_menu_3":"","footer_menu_3_title":"Information","footer_menu_4":"footer","footer_menu_4_title":"Top Selling","footer_menu_5":"","footer_menu_5_title":"Quick Links","footer_logo_alt":"Logo","footer_menu":true,"footer":"footer","footer_show_methods_of_payment":true,"show_powered_by":true,"copyright":"Copyright"}},"product-sidebar-bestsellers":{"type":"product-sidebar-bestsellers","settings":{"show_best_products":true,"title":"Best Sellers","bestseller":"frontpage","limit":"4"}},"header-model-9":{"type":"header-model-9","settings":{"display_top_bar":true,"display_search":true,"display_minicart":true,"display_wishlist":true,"link_login":"#000000","link_hover_clr":"#ffb001","login_icon_clr":"#ffffff","login_iconhover_clr":"#ffb001","login_iconhover_bg":"#ffffff","minicart_icon_bg":"#f1510a","login_sub_txt":"Get all option","header_welcome_text":"Welcome to Icam Shop take away","header_help_text":"Call us: 0123-456-789:","top_bar_bg":"#f1510a","top_bar_text":"#ffffff","top_bar_links":"#ffffff","top_bar_link_hover":"#ffb001","logo_bar_bg":"#ffffff","logo_text":"#f1510a","logo_hover_text":"#ffb001","currency_icon":"#ffffff","currency_icon_hover":"#ffb001","currency_bg":"#ffffff","currency_link":"#000000","search_icon_bg":"#ffffff","search_icon":"#f1510a","search_icon_hover":"#ffffff","search_hover_bg":"#ffb001","search_text":"#000000","Btn_text":"#ffffff","search_btn_hover":"#000000","search_btn_bg":"#f1510a","search_btn_bghover":"#ffb001","miniiconcart_cart_bg":"#f1510a","miniiconcart_cart_icon":"#ffffff","miniiconcart_cart_hoverbg":"#ffffff","miniiconcart_carthover_icon":"#ffb001","minicart_count":"#000000","minicart_count_hover_text":"#ffb001","minicart_bg":"#ffffff","minicart_text":"#000000","minicart_link":"#000000","minicart_link_hover":"#35b8f4","minicart_btn_bg":"#000000","minicart_btn_hover_bg":"#000000","minicart_btn_text":"#000000","minicart_btn_hover_text":"#000000","minicart_total":"#000000","menubar_bg":"#ffffff","clr_border_image":false,"menubar_links":"#000000","menubar_links_hover":"#000000","menu_active":"#f1510a","border_between_bars":"#e4e4e4","menubar_dropdown_bg":"#ffffff","menubar_dropdown_caption":"#000000","menubar_dropdown_caption_hover":"#f1510a","menubar_dropdown_links":"#000000","menubar_dropdown_links_hover":"#ffb001"}},"header-model-10":{"type":"header-model-10","settings":{"display_search":true,"display_minicart":true,"display_wishlist":true,"logo_bar_bg":"#ffffff","logo_text":"#f1510a","logo_hover_text":"#ffb001","border_between_bars":"#e4e4e4","search_bg":"#ffffff","search_btn_bg":"#f1510a","search_btn_text":"#ffffff","search_btn_text_hvr":"#ffffff","search_bg_hover":"#ffb001","search_text":"#000000","count_bg":"#ffffff","minicart_icon":"#000000","count_hover_bg":"#ffb001","minicart_icon_hover":"#ffffff","minicart_bg":"#ffffff","minicart_text":"#000000","minicart_link":"#000000","minicart_link_hover":"#ffb001","minicart_btn_bg":"#000000","minicart_btn_hover_bg":"#000000","minicart_btn_text":"#000000","minicart_btn_hover_text":"#000000","minicart_total":"#000000","menubar_bg":"#ffffff","menubar_links":"#000000","menubar_links_hover":"#000000","menu_active":"#f1510a","menubar_dropdown_bg":"#ffffff","menubar_dropdown_caption":"#000000","menubar_dropdown_caption_hover":"#f1510a","menubar_dropdown_links":"#000000","menubar_dropdown_links_hover":"#ffb001"}},"header-model-12":{"type":"header-model-12","settings":{"display_search":true,"display_all_category":true,"all_categories":"main-menu","categories_bg":"#ffffff","categories_text":"#000000","logo_bar_bg":"#ffffff","logo_text":"#000000","logo_hover_text":"#000000","search_bg":"#ffffff","search_btn_bg":"#ffffff","search_btn_text":"#000000","search_btn_text_hvr":"#ffffff","search_bg_hover":"#ffb001","search_text":"#000000","ship_1_title":"FREE SHIPPING","ship_1_subtitle":"Money back guarantee","ship_2_title":"BIG SAVING MONEY","ship_2_subtitle":"On Order Over $99","shipping_title_clr":"#000000","shipping_subtitle_clr":"#f1510a","menubar_bg":"#ffffff","menubar_links":"#000000","menubar_links_hover":"#000000","menu_active":"#f1510a","menubar_dropdown_bg":"#ffffff","menubar_dropdown_caption":"#000000","menubar_dropdown_caption_hover":"#f1510a","menubar_dropdown_links":"#000000","menubar_dropdown_links_hover":"#ffb001"}},"sidebar-banner":{"type":"sidebar-banner","settings":{}},"collection-template":{"type":"collection-template","settings":{"show_collection_image":true,"collections_sort_enable":true,"collections_view_enable":true,"collection_grid":"4","collection_results_per_page":"36","collection_infinite_scrolling":true}},"navigation":{"type":"navigation","blocks":{"1537503823608":{"type":"style_1","settings":{"title":"Menu - Style 1","megamenu_items_1":"Home Furniture","main_linklist_1":"home-furniture","banner_first_style_1":"shopify:\/\/shop_images\/mm7.jpg"}},"1537503862849":{"type":"style_2","settings":{"title":"Menu - Style 2","megamenu_items_2":"Office Furniture","main_linklist_2":"office-furniture","banner_second_style_2":"shopify:\/\/shop_images\/mm4.jpg","link_banner_second_style_2":"shopify:\/\/collections\/all","banner_third_style_2":"shopify:\/\/shop_images\/mm5.jpg","banner_first_style_2":"shopify:\/\/shop_images\/mm6.jpg"}},"1537503937050":{"type":"style_3","settings":{"title":"Menu - Style 3","megamenu_items_3":"Shop","main_linklist_3":"shop","title_featured_product_3":"","featured_product_3":"a-blue-folding-chair","banner_first_style_3":"shopify:\/\/shop_images\/mm3.jpg"}},"1543403426255":{"type":"style_4","settings":{"title":"Menu - Style 4","megamenu_items_4":"Decoration","main_linklist_4":"decoration"}},"1543403444992":{"type":"style_5","settings":{"title":"Menu - Style 5","megamenu_items_5":"Collection","main_linklist_5":"collection","banner_first_style_5":"shopify:\/\/shop_images\/mm1.jpg","banner_second_style_5":"shopify:\/\/shop_images\/mm2.jpg"}}},"block_order":["1537503823608","1537503862849","1537503937050","1543403426255","1543403444992"],"settings":{"display_megamenu":true}},"top-bar-type-1":{"type":"top-bar-type-1","settings":{"display_top_bar":true,"header_phone_label":"TOLL FREE","header_phone_value":"(00) 000 111 222","header_mail_label":"MAIL INFO","header_mail_value":"info@somedomain.com","top_bar_menu":"","top_bar_bg":"#f1510a","top_bar_text":"#000000","top_bar_links":"#000000","top_bar_link_hover":"#ffb001","top_bar_border":"#35b8f4","display_wishlist":true}},"top-bar-type-3":{"type":"top-bar-type-3","settings":{"display_top_bar":false,"top_border_between_bars":"#e4e4e4","social_title":"","header_phone_label":"Call Us","header_phone_value":"(00) 000 111 222","header_mail_label":"Mail","header_mail_value":"info@somedomain.com","top_bar_bg":"#ffffff","top_bar_text":"#000000","top_bar_links":"#000000","top_bar_link_hover":"#35b8f4","display_header_social":true,"currency_icon":"#000000","currency_icon_hover":"#35b8f4","currency_bg":"#ffffff","currency_link":"#000000"}},"top-bar-type-4":{"type":"top-bar-type-4","settings":{"display_top_bar":true,"header_text_1":"FREE SHIPPING & RETURN","header_text_2":"MONEY BACK GUARANTEE","header_text_3":"ONLINE SUPPORT 24\/7","header_phone_label":"Call Us","header_phone_value":"(00) 000 111 222","header_mail_label":"Mail","header_mail_value":"info@somedomain.com","top_bar_menu":"","stripe_icon":"#000000","stripe_icon_hover":"#35b8f4","stripe_bg":"#ffffff","stripe_text":"#000000","stripe_link":"#000000","stripe_link_hover":"#000000","stripe_border_between_bars":"#e4e4e4","top_bar_bg":"#f1510a","top_bar_text":"#000000","top_bar_links":"#000000","top_bar_link_hover":"#ffb001","top_border_between_bars":"#e4e4e4","display_wishlist":true}},"top-bar-type-6":{"type":"top-bar-type-6","settings":{"display_top_bar":true,"header_phone_label":"TOLL FREE","header_phone_value":"(00) 000 111 222","header_mail_label":"MAIL INFO","header_mail_value":"info@somedomain.com","top_bar_menu":"","display_like_btn":true,"like_btn_url":"https:\/\/www.facebook.com\/","top_bar_bg":"#f1510a","top_bar_text":"#000000","top_bar_links":"#000000","top_bar_link_hover":"#ffb001","display_wishlist":false,"top_border_between_bars":"#e4e4e4"}},"footer-model-25":{"type":"footer-model-25","settings":{"footer_bg":"#ffffff","footer_text":"#f1510a","footer_logo_enable":true,"footer_desc":"Lorem Ipsum is simply dummy text of the printing and typesetting industry.","footer_desc_color":"#333333","footer_social_enable":true,"social_title":"Share with us","social_icon_clr":"#333333","social_icon_hover_clr":"#ffb001","show_contact":true,"footer_contact_title":"Contact us","footer_address":"No: 58 A, East Madison Street,<br> Baltimore, MD, <br>USA 4508","footer_contact_no":"+91 12345678","footer_contact_id":"support@somemail.com","footer_contact_link":"support@somemail.com","footer_link":"#333333","color_footer_link_hover":"#ffb001","footer_menu_1_title":"Help","footer_menu_1":"footer","footer_menu_2_title":"Support","footer_menu_2":"","footer_menu_4_title":"Information","footer_menu_4":"","footer_menu_5_title":"Quick","footer_menu_5":"footer","footer_newsletter_enable":true,"title":"Newsletter","newsletter_form_action":"","input_bg":"#000000","input_text":"#000000","newsletter_btn_bg":"#000000","newsletter_btn_text":"#ffffff","color_footer_news_btn_bg":"#636363","color_footer_news_btn_text":"#636363","instagram_use":true,"accessToken":"3311466850.1677ed0.84b4d7bf4b6f49b4887a8fe93707d9b5","ins_title":"Instagram Feed","ins_title_1_clr":"#f1510a","sort":"most-recent","overlay":"#000000"}},"blog-sidebar-article":{"type":"blog-sidebar-article","settings":{"show_recent_articles":true,"show_recent_articles_img":true,"blog_article_limit":"3"}},"blog-sidebar-tags":{"type":"blog-sidebar-tags","settings":{"show_blog_tags":true}},"blog-sidebar-instagram":{"type":"blog-sidebar-instagram","settings":{"instagram_use":true,"sidebar_bg_color":"#000000","accessToken":"3311466850.1677ed0.84b4d7bf4b6f49b4887a8fe93707d9b5","heading_image_need":false,"title":"Instagram Feed","title_1_clr":"#ffffff","sort":"none"}},"blog-sidebar-deals":{"type":"blog-sidebar-deals","settings":{"show_best_products":true,"sidebar_bg_color":"#ffffff","title":"Best Deals","dealitems":"frontpage","dealbtn_border":"#000000","dealbtn":"#000000","dealbtn_text":"#000000","limit":"4"}},"blog":{"type":"blog","settings":{"blog_grid":"2","show_blog_4_content":true,"show_blog_4_img":true,"show_blog_4_author":true,"show_blog_4_btn":true,"show_blog_4_date":true,"show_blog_4_tag":true,"blog_design_4_title":"#333333","blog_design_4_titlehover":"#60b1ab","blog_design_4_datecolor":"#333333","blog_design_4_authorcolor":"#333333","blog_design_commentcolor":"#333333","blog_design_4_tag":"#333333","blog_design_4_taghover":"#60b1ab","blog_btn_sec_bg":"#000000"}},"product-template":{"type":"product-template","blocks":{"1540372711989":{"type":"text","settings":{"class":"fas fa-money-check","class_color":"#ffffff","icon_bg_color":"#f1510a","title":"Special offer 1 + 1 = 3","title_color":"#000000","sub_title":"Get a gift","sub_title_color":"#000000","desc":"Lorem ipsum dolor sit amet, consectetur adipiscing elit, sed do eiusmod tempor incididunt ut labore et dolore magna aliqua","desc_color":"#000000","link":"collections\/all"}},"1540372716313":{"type":"text","settings":{"class":"fas fa-gift","class_color":"#ffffff","icon_bg_color":"#f1510a","title":"Free reward card","title_color":"#000000","sub_title":"Worth $10, $50, $100","sub_title_color":"#000000","desc":"Lorem ipsum dolor sit amet, consectetur adipiscing elit, sed do eiusmod tempor incididunt ut labore et dolore magna aliqua","desc_color":"#000000","link":""}},"1540372724609":{"type":"text","settings":{"class":"fas fa-truck","class_color":"#ffffff","icon_bg_color":"#f1510a","title":"Free shipping","title_color":"#000000","sub_title":"On orders over $100","sub_title_color":"#000000","desc":"Fugiat nulla pariatur. Excepteur sint occaecat cupidatat non proident, sunt in culpa qui official.","desc_color":"#000000","link":"\/collections\/all"}},"1540379760524":{"type":"text","settings":{"class":"fas fa-undo","class_color":"#ffffff","icon_bg_color":"#f1510a","title":"Order return","title_color":"#000000","sub_title":"Returns within 5 days","sub_title_color":"#000000","desc":"Fugiat nulla pariatur. Excepteur sint occaecat cupidatat non proident, sunt in culpa qui official.","desc_color":"#000000","link":"\/collections"}}},"block_order":["1540372711989","1540372716313","1540372724609","1540379760524"],"settings":{"display_product_thumb_img":true,"display_product_sku":true,"display_product_type":true,"display_vendor_type":true,"color_tooltip":true,"product_quantity_enable":true,"enable_wishlist":true,"enable_cart":true,"payment_button":true,"short_desc":true,"social_sharing_products":true,"products_nav_arrow":true,"product_tab1":true,"product_tab1_heading":"Product Description","product_tab2":true,"product_tab2_heading":"Reviews","product_tab3":true,"product_tab3_heading":"Shipping Details","product_tab3_page":"shipping-details","product_related_enable":true,"related_prds_heading":"","heading_image_need":false,"related_prds_title":"Related Products","display_recently_viewed_products":true,"recently_viewed_products_title":"Recently Viewed Products","number_of_recently_viewed_products":"8","custom_text_block":true}},"custom-content":{"type":"custom-content","blocks":{"1540615610645":{"type":"text","settings":{"heading_text":"Talk about your brand","heading_color":"#3a3a3a","heading_style":"h3","paragraph_text":"<p>Use this text to share information about your brand with your customers. Describe a product, share announcements, or welcome customers to your store.<\/p>","paragraph_color":"#4a4a4a","paragraph_size":"1","width":"50%","alignment":"center","align_text":"right"}},"1540614469866":{"type":"image","settings":{"width":"50%","alignment":"bottom"}},"1540614504289":{"type":"image","settings":{"width":"50%","alignment":"bottom"}},"1540615708307":{"type":"text","settings":{"heading_text":"Talk about your brand","heading_color":"#3a3a3a","heading_style":"h2","paragraph_text":"<p>Use this text to share information about your brand with your customers. Describe a product, share announcements, or welcome customers to your store.<\/p>","paragraph_color":"#4a4a4a","paragraph_size":"1.5","width":"50%","alignment":"top","align_text":"center"}},"1540616387506":{"type":"video","settings":{"video_url":"https:\/\/www.youtube.com\/watch?v=fD_AuhsheuU","width":"100%","alignment":"bottom"}},"1540617200819":{"type":"product","settings":{"product":"","show_spacing":true,"width":"50%"}},"1540617447476":{"type":"html","settings":{"code":"<div><p>Write your own custom HTML content.<\/p><\/div>","width":"50%","alignment":"top"}}},"block_order":["1540615610645","1540614469866","1540614504289","1540615708307","1540616387506","1540617200819","1540617447476"],"settings":{"heading_text":"Custom content","heading_color":"#3a3a3a","background_color":"","top_margin":true,"bottom_margin":true}},"1542369329707":{"type":"slideshow","blocks":{"1542369873506":{"type":"style_1","settings":{"image":"shopify:\/\/shop_images\/slider-bg1.jpg","mobile_image":"shopify:\/\/shop_images\/slider-bg1-small.jpg","mobile_bg_clr_use":true,"mobile_bg_clr":"#ffffff","subheading":"Making a trend in Design","subheading_color":"#000000","subheading_size":"40","title":"Stylish & <br>Affordable","heading_color":"#000000","heading_size":"60","button":"View Collection","button_bg":"#4d5763","button_color":"#ffffff","button_bg_hover":"#ffffff","button_hover_color":"#60b1ab"}},"1543466912403":{"type":"style_1","settings":{"image":"shopify:\/\/shop_images\/slider-bg2.jpg","mobile_image":"shopify:\/\/shop_images\/slider-bg2-small.jpg","mobile_bg_clr_use":true,"mobile_bg_clr":"#ffffff","subheading":"Live in Nature’s Love","subheading_color":"#4d5763","subheading_size":"40","title":"Furniture & <br>Beyond","heading_color":"#4d5763","heading_size":"60","button":"View Collection","button_bg":"#4d5763","button_color":"#ffffff","button_bg_hover":"#60b1ab","button_hover_color":"#ffffff"}},"1543466931051":{"type":"style_2","settings":{"image":"shopify:\/\/shop_images\/slider-bg3.jpg","mobile_image":"shopify:\/\/shop_images\/slider-bg3-small.jpg","mobile_bg_clr_use":true,"mobile_bg_clr":"#ffffff","subheading":"@ affortable Price","subheading_color":"#000000","subheading_size":"40","title":"Comfy Fluffy <br>Sofas","heading_color":"#000000","heading_size":"60","button":"View Collection","button_bg":"#4d5763","button_color":"#ffffff","button_bg_hover":"#60b1ab","button_hover_color":"#ffffff"}}},"block_order":["1542369873506","1543466912403","1543466931051"],"settings":{"slideshow_speed":"5000","slideshow_transition":"true","navigation_color":"#60b1ab"}},"1543388641037":{"type":"brands","blocks":{"1543388641037-0":{"type":"Image","settings":{"client_img":"shopify:\/\/shop_images\/c2.png","client_heading":""}},"1543388641037-1":{"type":"Image","settings":{"client_img":"shopify:\/\/shop_images\/c3.png","client_heading":""}},"1543388641037-2":{"type":"Image","settings":{"client_img":"shopify:\/\/shop_images\/c1.png","client_heading":""}},"1543388641037-3":{"type":"Image","settings":{"client_img":"shopify:\/\/shop_images\/c4.png","client_heading":""}},"1543388641037-4":{"type":"Image","settings":{"client_img":"shopify:\/\/shop_images\/c5.png","client_heading":""}},"1543388641037-5":{"type":"Image","settings":{"client_img":"shopify:\/\/shop_images\/c6.png","client_heading":""}},"1543388641037-6":{"type":"Image","settings":{"client_img":"shopify:\/\/shop_images\/c4.png","client_heading":""}},"1543388641037-7":{"type":"Image","settings":{"client_img":"shopify:\/\/shop_images\/c1.png","client_heading":""}}},"block_order":["1543388641037-0","1543388641037-1","1543388641037-2","1543388641037-3","1543388641037-4","1543388641037-5","1543388641037-6","1543388641037-7"],"settings":{"title":""}},"top-bar-type-2":{"type":"top-bar-type-2","settings":{"display_top_adv_bar":false,"notification_bar_bg":"#000000","stripe_icon":"#ffffff","stripe_icon_hover":"#ffe491","notification_text":"Long Weekend Sale Up to 50% OFF","notification_text_clr":"#ffffff","notification_linktxt":"Shop Now","notification_linktxt_color":"#ffffff","notification_hover_linktxt_color":"#ffffff","header_notification_link":"\/collections\/all"}},"footer-model-21":{"type":"footer-model-21","blocks":{"1543486869949":{"type":"text","settings":{"class":"fas fa-envelope","title":"Money back guarantee","desc":"100% money back guarante"}},"1543486943947":{"type":"text","settings":{"class":"fa fa-phone","title":"Free Shipping & Returns","desc":"For all orders over $500"}},"1543490547323":{"type":"text","settings":{"class":"fa fa-user","title":"Support 24\/7","desc":"We answer for question all time"}}},"block_order":["1543486869949","1543486943947","1543490547323"],"settings":{"show_image_1":false,"footer_bg":"#f9f9f9","footer_border_clr":"#e4e4e4","footer_text":"#f1510a","footer_title_border":"#000000","footer_input_bg":"#000000","show_contact":true,"footer_contact_title":"Contact us","footer_address":"No: 58 A, East Madison Street,\nBaltimore, MD, USA 4508","footer_mail_id_top_text":"Do you have any question?","footer_mail_id":"support@somedomain.com","footer_phone_no":"800-140-100","footer_phone_no_top_text":"Mon - Fri: 8:00 - 17:00","footer_logo_enable":true,"footer_contact_link":"","footer_show_methods_of_payment":true,"show_powered_by":true,"copyright":"Copyright","copyright_bg":"rgba(0,0,0,0)","copyright_text":"#333333","copyright_link":"#333333","copyright_link_hover":"#ffb001","footer_link":"#333333","color_footer_link_hover":"#ffb001","footer_menu_1_title":"Help","footer_menu_1":"footer","footer_menu_2_title":"Support","footer_menu_2":"","footer_menu_3_title":"Information","footer_menu_3":"","footer_social_enable":true,"social_icon_bg_clr":"#f1510a","social_icon_txt_clr":"#ffffff","social_icon_hovertxt_clr":"#ffffff","social_icon_hover_bgclr":"#ffb001","class_color":"#f1510a","title_color":"#333333","desc_color":"#000000"}},"article":{"type":"article","settings":{"show_blog_4_author":true,"show_blog_4_date":true,"show_blog_4_tag":true,"blog_design_4_title":"#333333","blog_design_4_titlehover":"#60b1ab","blog_design_4_datecolor":"#333333","blog_design_4_authorcolor":"#333333","blog_design_commentcolor":"#333333","blog_design_4_tag":"#333333","blog_design_4_taghover":"#60b1ab"}},"top-bar-type-5":{"type":"top-bar-type-5","settings":{"display_top_bar":false,"top_bar_bg":"#ffffff","top_bar_text":"#000000","top_bar_links":"#000000","top_bar_link_hover":"#35b8f4","top_border_between_bars":"#e4e4e4","header_phone_value":"(00) 000 111 222","header_mail_value":"info@somedomain.com","store_location":"Store Location","track_your_order":"Track Your Order"}},"top-bar-type-10":{"type":"top-bar-type-10","settings":{"show_topbar_overlay":false,"overlay_bg_clr":"#ffffff","display_top_adv_bar":false,"display_top_adv_bar_mobile":false,"display_top_bar":false,"notification_bar_bg":"#ffffff","stripe_icon":"#ffffff","stripe_icon_color":"#000000","stripe_icon_hover":"#ffe491","stripe_icon_hover_color":"#ffffff","notification_discount":"50% OFF","notification_discount_clr":"#ffffff","notification_discount_txt":"Discount","notification_discount_text_clr":"#ffffff","notification_text":"Long Weekend Sale Up to 50% OFF","notification_text_clr":"#ffffff","notification_promo_txt":"Enter Prmotion Code","notification_promo_txt_clr":"#000000","notification_promo_code":"Sale2017","notification_promo_code_clr":"#000000","notification_linktxt":"Shop Now","top_bar_btn_bg":"#ffffff","top_bar_btn_txt":"#ffffff","top_bar_btn_hoverbg":"#ffffff","top_bar_btn_hovertxt":"#ffffff","header_notification_link":"\/collections\/all","top_bar_bg":"#ffffff","top_bar_text":"#000000","top_bar_links":"#000000","top_bar_link_hover":"#35b8f4","top_border_between_bars":"#e4e4e4","header_phone_value":"(00) 000 111 222","header_mail_value":"info@somedomain.com","store_location":"Store Location","track_your_order":"Track Your Order","currency_icon":"#ffffff","currency_icon_hover":"#35b8f4","currency_bg":"#ffffff","currency_link":"#000000"}},"header-model-11":{"type":"header-model-11","settings":{"display_search":true,"display_all_category":true,"all_categories":"main-menu","categories_bg":"#ffffff","categories_text":"#000000","display_minicart":true,"display_wishlist":true,"logo_bar_bg":"#ffffff","logo_text":"#f1510a","logo_hover_text":"#ffb001","border_between_bars":"#e4e4e4","search_bg":"#ffffff","search_btn_bg":"#ffffff","search_btn_text":"#000000","search_btn_text_hvr":"#ffffff","search_bg_hover":"#ffb001","search_text":"#000000","count_bg":"#ffffff","minicart_icon":"#000000","count_hover_bg":"#ffb001","minicart_icon_hover":"#ffffff","minicart_bg":"#ffffff","minicart_text":"#000000","minicart_link":"#000000","minicart_link_hover":"#ffb001","minicart_btn_bg":"#000000","minicart_btn_hover_bg":"#000000","minicart_btn_text":"#000000","minicart_btn_hover_text":"#000000","minicart_total":"#000000","menubar_bg":"#ffffff","menubar_links":"#000000","menubar_links_hover":"#000000","menu_active":"#f1510a","menubar_dropdown_bg":"#ffffff","menubar_dropdown_caption":"#000000","menubar_dropdown_caption_hover":"#f1510a","menubar_dropdown_links":"#000000","menubar_dropdown_links_hover":"#ffb001"}},"top-bar-type-12":{"type":"top-bar-type-12","settings":{"display_top_bar":true,"display_minicart":true,"header_phone_value":"(00) 000 111 222","header_mail_value":"info@somedomain.com","top_bar_bg":"#ffffff","top_bar_text":"#000000","top_bar_links":"#000000","top_bar_link_hover":"#35b8f4","top_border_between_bars":"#e4e4e4","border_between_bars":"#e4e4e4","currency_icon":"#000000","currency_icon_hover":"#35b8f4","currency_bg":"#ffffff","currency_link":"#000000","count_bg":"#fad400","minicart_icon":"#000000","count_hover_bg":"#000000","minicart_icon_hover":"#ffffff","minicart_bg":"#ffffff","minicart_text":"#000000","minicart_link":"#000000","minicart_link_hover":"#35b8f4","minicart_btn_bg":"#000000","minicart_btn_hover_bg":"#000000","minicart_btn_text":"#000000","minicart_btn_hover_text":"#000000","minicart_total":"#000000","display_wishlist":true}},"top-bar-type-11":{"type":"top-bar-type-11","settings":{"show_topbar_overlay":false,"overlay_bg_clr":"#ffffff","display_top_adv_bar":false,"display_top_adv_bar_mobile":false,"display_top_bar":false,"notification_bar_bg":"#ffffff","stripe_icon":"#ffffff","stripe_icon_color":"#000000","stripe_icon_hover":"#ffe491","stripe_icon_hover_color":"#ffffff","notification_discount":"50% OFF","notification_discount_clr":"#ffffff","notification_discount_txt":"Discount","notification_discount_text_clr":"#ffffff","notification_text":"Long Weekend Sale Up to 50% OFF","notification_text_clr":"#ffffff","notification_promo_txt":"Enter Prmotion Code","notification_promo_txt_clr":"#000000","notification_promo_code":"Sale2017","notification_promo_code_clr":"#000000","notification_linktxt":"Shop Now","top_bar_btn_bg":"#ffffff","top_bar_btn_txt":"#ffffff","top_bar_btn_hoverbg":"#ffffff","top_bar_btn_hovertxt":"#ffffff","header_notification_link":"\/collections\/all","top_bar_bg":"#ffffff","top_bar_text":"#000000","top_bar_links":"#000000","top_bar_link_hover":"#35b8f4","top_border_between_bars":"#e4e4e4","header_phone_value":"(00) 000 111 222","header_mail_value":"info@somedomain.com","store_location":"Store Location","track_your_order":"Track Your Order","currency_icon":"#ffffff","currency_icon_hover":"#35b8f4","currency_bg":"#ffffff","currency_link":"#000000"}},"1546840985214":{"type":"category-listing-type-1","blocks":{"1546840985214-0":{"type":"link_list","settings":{"image":"shopify:\/\/shop_images\/img1.jpg","categorybg_bolor":"#4d5763","title":"Book Shelf","title_color":"#ffffff","title_bg_clr":"#60b1ab","text":"Lorem ipsum dolor sit amet, consectetur adipiscing elit. Proin eu mattis ante, a sodales eros. Phasellus tincidunt tortor","text_clr":"#ffffff","button_txt":"Read More","btn_clr":"#ffffff"}},"1546840985214-1":{"type":"link_list","settings":{"image":"shopify:\/\/shop_images\/img2.jpg","categorybg_bolor":"#ffffff","title":"Cushion Chair","title_color":"#ffffff","title_bg_clr":"#4a5460","text":"Ut venenatis urna pretium purus dapibus feugiat vel sit amet quam. Vestibulum ut dapibus leo. Duis congue diam","text_clr":"#3e454c","button_txt":"Read More","btn_clr":"#3e454c"}},"1546840985214-2":{"type":"link_list","settings":{"image":"shopify:\/\/shop_images\/img3.jpg","categorybg_bolor":"#4d5763","title":"Comfort Sofa","title_color":"#ffffff","title_bg_clr":"#60b1ab","text":"Lorem ipsum dolor sit amet, consectetur adipiscing elit. Proin eu mattis ante, a sodales eros. Phasellus tincidunt tortor","text_clr":"#ffffff","button_txt":"Read More","btn_clr":"#ffffff"}},"1546841012538":{"type":"link_list","settings":{"image":"shopify:\/\/shop_images\/img4.jpg","categorybg_bolor":"#ffffff","title":"Computer Table","title_color":"#ffffff","title_bg_clr":"#4a5460","text":"Lorem ipsum dolor sit amet, consectetur adipiscing elit. Proin eu mattis ante, a sodales eros. Phasellus tincidunt tortor","text_clr":"#333333","button_txt":"Read More","btn_clr":"#333333"}}},"block_order":["1546840985214-0","1546840985214-1","1546840985214-2","1546841012538"],"settings":{"margin_top_value":"10","overlay":true,"bg_bolor":"#333333","title_1":"Renowned Specialists in Furniture!","title_1_color":"#ffffff","btn_hover_clr":"#60b1ab","border_color":"rgba(0,0,0,0)","shadow_color":"rgba(0,0,0,0)"}},"1546841272957":{"type":"grid-banner-type-32","blocks":{"1546841272957-0":{"type":"image","settings":{"image":"shopify:\/\/shop_images\/logo1.png"}},"1546841272957-1":{"type":"image","settings":{"image":"shopify:\/\/shop_images\/logo2.png"}},"1546841272957-2":{"type":"image","settings":{"image":"shopify:\/\/shop_images\/logo3.png"}}},"block_order":["1546841272957-0","1546841272957-1","1546841272957-2"],"settings":{"bg_color":"#e4e4e4","border_clr":"#e4e4e4","overlay_1":false,"overlay_bgcolor_1":"#ffffff","image":"shopify:\/\/shop_images\/img5.jpg","alignment":"left","bg_image":"shopify:\/\/shop_images\/side-img-bg.jpg","title":"Decor Accents","title_clr":"#ffffff","title_bg_clr":"#60b1ab","text":"Cushion Long Chair","sub_title_color":"#333333","desc":"Lorem ipsum dolor sit amet, consectetuer adipiscing elit. Aenean commodo ligula eget dolor. Aenean massa. Cum sociis natoque penatibus et magnis dis parturient montes, nascetur ridiculus mus.","desc_color":"#333333","button":"View all collection","link":"shopify:\/\/collections\/all","button_color":"#333333","button_hover_color":"#60b1ab","img_title":"Brands","title_color":"#333333"}},"1546843062965":{"type":"grid-banner-type-22","blocks":{"1546843062965-0":{"type":"image","settings":{"image_1":"shopify:\/\/shop_images\/gal1_3a904a29-fcf4-4ba7-935c-033673064b5f.jpg","overlay_1":"#60b1ab","title_1":"Teak Study Desk","title_clr":"#ffffff","title_top_1":"30% OFF","title_top_1_clr":"#ffffff","button_1":"Read More"}},"1546843062965-1":{"type":"image","settings":{"image_1":"shopify:\/\/shop_images\/gal2.jpg","overlay_1":"#60b1ab","title_1":"Dressing Table","title_clr":"#ffffff","title_top_1":"50% OFF","title_top_1_clr":"#ffffff","button_1":"Read More"}},"1546843062965-2":{"type":"image","settings":{"image_1":"shopify:\/\/shop_images\/gal3.jpg","overlay_1":"#60b1ab","title_1":"Three Seater Sofa","title_clr":"#ffffff","title_top_1":"20% OFF","title_top_1_clr":"#ffffff","button_1":"Shop Now","link_1":"shopify:\/\/collections\/all"}}},"block_order":["1546843062965-0","1546843062965-1","1546843062965-2"],"settings":{"gallery_bg_clr":"#f7fafb","gallery_icon":"fa fa-picture-o","title":"Best Collection","title_1_clr":"#ffffff","title_bg_clr":"#60b1ab","text":"Pellentesque posuere orci lobortis scelerisque blandit. Donec id tellus lacinia","text_clr":"#3e454c"}},"1546844401513":{"type":"thumb-grid-banner","blocks":{"1546844401513-0":{"type":"Image","settings":{"client_img":"shopify:\/\/shop_images\/f8.png","client_heading":"Outdoor Chair","img_border_color":"rgba(0,0,0,0)","client_heading_color":"#ffffff"}},"1546844401513-1":{"type":"Image","settings":{"client_img":"shopify:\/\/shop_images\/f7.png","client_heading":"Single Sofa","img_border_color":"rgba(0,0,0,0)","client_heading_color":"#ffffff"}},"1546844401513-2":{"type":"Image","settings":{"client_img":"shopify:\/\/shop_images\/f6.png","client_heading":"Garden Table","img_border_color":"rgba(0,0,0,0)","client_heading_color":"#ffffff"}},"1546844401513-3":{"type":"Image","settings":{"client_img":"shopify:\/\/shop_images\/f5.png","client_heading":"Computer Table","img_border_color":"rgba(0,0,0,0)","client_heading_color":"#ffffff"}},"1546844401513-4":{"type":"Image","settings":{"client_img":"shopify:\/\/shop_images\/f4.png","client_heading":"Dinning Table","img_border_color":"rgba(0,0,0,0)","client_heading_color":"#ffffff"}},"1546844401513-5":{"type":"Image","settings":{"client_img":"shopify:\/\/shop_images\/f3.png","client_heading":"TV Showcasw","img_border_color":"rgba(0,0,0,0)","client_heading_color":"#ffffff"}},"1546844415703":{"type":"Image","settings":{"client_img":"shopify:\/\/shop_images\/f2.png","client_heading":"Cupboard","img_border_color":"rgba(0,0,0,0)","client_heading_color":"#ffffff"}},"1546844420764":{"type":"Image","settings":{"client_img":"shopify:\/\/shop_images\/f1.png","client_heading":"Foot Rest","img_border_color":"rgba(0,0,0,0)","client_heading_color":"#ffffff"}}},"block_order":["1546844401513-0","1546844401513-1","1546844401513-2","1546844401513-3","1546844401513-4","1546844401513-5","1546844415703","1546844420764"],"settings":{"show_image_1":true,"image":"shopify:\/\/shop_images\/dark-bg.jpg","background_color":"#e4e4e4","show_overlay_bg":false,"overlay_bg_color":"#60b1ab","title":"","title_color":"#ffffff","sub_title":"","sub_title_color":"#ffffff","img_overlaybg_color":"#4d5763"}},"1546845775409":{"type":"testimonial","blocks":{"1546845775409-0":{"type":"text","settings":{"text_desc":"Pellentesque posuere orci lobortis scelerisque blandit. Donec id tellus lacinia an, tincidunt risus ac, consequat velit. Quisquemos sodales suscipit tortor ditaemcos condimentum","des_color":"#ffffff","image":"shopify:\/\/shop_images\/team-4_100X_aceca226-c6d0-412a-8c02-57daef012bd0.jpg","image_heading":"","author_name":"Tara Shelby","author_color":"#ffffff","author_designation":"Designation","author_designationcolor":"#ffffff"}},"1546845775409-1":{"type":"text","settings":{"text_desc":"Pellentesque posuere orci lobortis scelerisque blandit. Donec id tellus lacinia an, tincidunt risus ac, consequat velit. Quisquemos sodales suscipit tortor ditaemcos condimentum","des_color":"#ffffff","image":"shopify:\/\/shop_images\/team-3_100X_dcb15336-76c7-4068-804c-b1eeb63ff910.jpg","image_heading":"","author_name":"Tyra Merida","author_color":"#ffffff","author_designation":"Designation","author_designationcolor":"#ffffff"}},"1546845775409-2":{"type":"text","settings":{"text_desc":"Pellentesque posuere orci lobortis scelerisque blandit. Donec id tellus lacinia an, tincidunt risus ac, consequat velit. Quisquemos sodales suscipit tortor ditaemcos condimentum","des_color":"#ffffff","image":"shopify:\/\/shop_images\/team-2_100X_c9cf3673-fc58-4308-b911-26feedaf115a.jpg","image_heading":"","author_name":"Alyse Fink","author_color":"#ffffff","author_designation":"Designation","author_designationcolor":"#ffffff"}},"1552981827886":{"type":"text","settings":{"text_desc":"Pellentesque posuere orci lobortis scelerisque blandit. Donec id tellus lacinia an, tincidunt risus ac, consequat velit. Quisquemos sodales suscipit tortor ditaemcos condimentum","des_color":"#ffffff","image":"shopify:\/\/shop_images\/team-1_100X_2b2bd2b5-0f89-4a83-b19f-5ec59b5714c9.jpg","image_heading":"","author_name":"Mica Crosbie","author_color":"#ffffff","author_designation":"Testing","author_designationcolor":"#ffffff"}}},"block_order":["1546845775409-0","1546845775409-1","1546845775409-2","1552981827886"],"settings":{"image_1":"shopify:\/\/shop_images\/testimonial-bg.jpg","background_color":"#e5e5e5","show_overlay_bg":false,"overlay_bg_color":"#ffd78a","title":"Testimonials","title_color":"#60b1ab","title_bg_clr":"#ffffff","arrow_color":"#ffffff","arrow_hover_color":"#1d3750"}},"1546845801880":{"type":"grid-banner-type-15","settings":{"image_1":"shopify:\/\/shop_images\/img6.jpg","title_1":"Oval Bath Tub","title_1_color":"#60b1ab","short_1_txt":"GREAT COLLECTIONS","short_1_txt_color":"#333333","text_1":"Fashion Undefined","text_1_color":"#333333","link_1":"shopify:\/\/collections","image_2":"shopify:\/\/shop_images\/img7.jpg","deal_end_date_1":"02\/10\/2019_12:30:30","title_2":"Clean and Clear Bidets","title_2_color":"#333333","text_2":"$250","text_2_color":"#60b1ab","button_2":"$320","button_2_txt_color":"#ffd78a","tag_1_txt":"White","tag_1_bg":"#ffffff","tag_1_txt_color":"#333333","image_3":"shopify:\/\/shop_images\/img8.jpg","title_3":"UPTO","title_3_color":"#333333","offer":"SALE","offer_text":"- 70%","offer_text_clr":"#60b1ab","text_3_color":"#333333","button_3":"Read More","button_3_bg_color":"#60b1ab","button_3_txt_color":"#ffffff","button_3_hover_bg_color":"#ffd78a","button_3_hover_txt_color":"#333333","link_3":"shopify:\/\/collections","image_4":"shopify:\/\/shop_images\/img9.jpg","title_4":"","title_4_color":"#333333","text_4":"","text_4_color":"#000000","button_4":"","button_4_txt_color":"#ffffff","tag_2_txt":"","tag_2_bg":"#ffffff","tag_2_txt_color":"#000000","link_4":"shopify:\/\/collections","deal_end_date_2":""}},"1546845833427":{"type":"wide-banner-type-4","settings":{"image":"shopify:\/\/shop_images\/bg2.jpg","background_color":"#60b1ab","icon_cls":"Discount For All Orders Over $100","icon_color":"#3e454c","title_bg_clr":"#ffffff","title":"We're at 71% of our goal!","title_color":"#ffffff","text":"That’s $56,715.00 USD pledged of our $79,600.00 USD target! <br>Estimated delivery: April 14-24","text_color":"#ffffff","button":"View More","button_bg_color":"#ffd78a","button_bg_hover_color":"#ffffff","button_txt_color":"#333333","button_text_hover_color":"#333333","link":"shopify:\/\/collections\/all","show_gradient_clr":false,"overlay_gradient_bg":"#e81a46","overlay_gradient_secondary_bg":"#3e454c"}},"1546845845163":{"type":"blog-post-type-4","settings":{"blog_bg_clr":"#f7fafb","title":"Recent News","title_clr":"#ffffff","title_bg_clr":"#60b1ab","small_title":"Here’s what we’re working on and thinking about at Nest.","small_title_clr":"#333333","pick_featured_blog":"news","limit":"3","blog_title_clr":"#60b1ab","title_hover_clr":"#ffd78a","show_featured_date":true,"date_color":"#3e454c","blog_date_clr":"#3e454c","blog_author_enable":false,"blog_author_text":"#3e454c","blog_comment":false,"blog_comment_text":"#3e454c","blog_description":true,"blog_descbg_clr":"#ffffff","blog_desc_clr":"#3e454c","btn":"View All Post","link":"\/blogs\/news","btn_1":"Read more"}},"1546845859007":{"type":"support-block-type-1","blocks":{"1546845859007-0":{"type":"text","settings":{"class_img":"shopify:\/\/shop_images\/phone-icn.png","title_4":"","title":"CALL TODAY","title_color":"#ffffff","desc":"+800 123 45 67","desc_color":"#ffffff"}},"1546845859007-1":{"type":"text","settings":{"class_img":"shopify:\/\/shop_images\/fax-icn.png","title_4":"","title":"FAX US","title_color":"#ffffff","desc":"+800 123 45 67","desc_color":"#ffffff"}},"1546845859007-2":{"type":"text","settings":{"class_img":"shopify:\/\/shop_images\/email-icn.png","title_4":"","title":"EMAIL US","title_color":"#ffffff","desc":"info@bathfixtures.com","desc_color":"#ffffff"}}},"block_order":["1546845859007-0","1546845859007-1","1546845859007-2"],"settings":{"bg_color":"#60b1ab"}},"grid-banner-type-6":{"type":"grid-banner-type-6","blocks":{"1546935735108":{"type":"Image","settings":{"image":"shopify:\/\/shop_images\/ab1.jpg","img_bg_color":"#60b1ab","alignment":"left","icon_cls":"fas fa-bell","icon_clr":"#60b1ab","title":"Elegant Cushion Sofa","sub_title":"Sample Caption","desc":"Lorem ipsum dolor sit amet, consectetur adipisicing elit, sed do eiusmod tempor incididunt ut labore et dolore magna aliqua. Ut enim ad minim veniam, quis nostrud exercitation ullamco laboris nisi ut aliquip ex ea commodo","button":"View all collection","link":""}},"1546935738525":{"type":"Image","settings":{"image":"shopify:\/\/shop_images\/ab2.jpg","img_bg_color":"#ffd78a","alignment":"right","icon_cls":"fas fa-star","icon_clr":"#ffd78a","title":"Fully Comfort Bed","sub_title":"Sample Caption","desc":"Lorem ipsum dolor sit amet, consectetur adipisicing elit, sed do eiusmod tempor incididunt ut labore et dolore magna aliqua. Ut enim ad minim veniam, quis nostrud exercitation ullamco laboris nisi ut aliquip ex ea commodo","button":"View all collection","link":""}},"1546939713903":{"type":"Image","settings":{"image":"shopify:\/\/shop_images\/ab3.jpg","img_bg_color":"#668bb4","alignment":"left","icon_cls":"fas fa-cog","icon_clr":"#668bb4","title":"Spaceful Dinning Table","sub_title":"Sample Caption","desc":"Lorem ipsum dolor sit amet, consectetur adipisicing elit, sed do eiusmod tempor incididunt ut labore et dolore magna aliqua. Ut enim ad minim veniam, quis nostrud exercitation ullamco laboris nisi ut aliquip ex ea commodo","button":"View all collection","link":""}}},"block_order":["1546935735108","1546935738525","1546939713903"],"settings":{"title_color":"#60b1ab","desc_color":"#333333","desc_bg_color":"rgba(0,0,0,0)"}},"testimonial-type-12":{"type":"testimonial-type-12","blocks":{"1546934464068":{"type":"text","settings":{"text_desc":"Pellentesque posuere orci lobortis scelerisque blandit. Donec id tellus lacinia an, tincidunt risus ac, consequat velit. Quisquemos sodales suscipit tortor ditaemcos condimentum","des_color":"#333333","image":"shopify:\/\/shop_images\/user2.jpg","image_heading":"","author_name":"Malorie Vaz","author_color":"#60b1ab","author_designation":"Supporter","author_designationcolor":"#4a5460"}},"1551957702812":{"type":"text","settings":{"text_desc":"Pellentesque posuere orci lobortis scelerisque blandit. Donec id tellus lacinia an, tincidunt risus ac, consequat velit. Quisquemos sodales suscipit tortor ditaemcos condimentum","des_color":"#333333","image":"shopify:\/\/shop_images\/user5.jpg","image_heading":"","author_name":"Edra Toon","author_color":"#60b1ab","author_designation":"Testing","author_designationcolor":"#4a5460"}},"1551957715937":{"type":"text","settings":{"text_desc":"Pellentesque posuere orci lobortis scelerisque blandit. Donec id tellus lacinia an, tincidunt risus ac, consequat velit. Quisquemos sodales suscipit tortor ditaemcos condimentum","des_color":"#333333","image":"shopify:\/\/shop_images\/user1.jpg","image_heading":"","author_name":"Zella Clingan","author_color":"#60b1ab","author_designation":"Designation","author_designationcolor":"#4a5460"}}},"block_order":["1546934464068","1551957702812","1551957715937"],"settings":{"background_color":"#f4f4f4","imgborder_color":"#60b1ab","title":"Testimonial","title_color":"#ffffff","title_bg_clr":"#60b1ab"}},"about-team":{"type":"about-team","blocks":{"1546933565610":{"type":"text","settings":{"team_6_image":"shopify:\/\/shop_images\/t1.jpg","team_title":"Ranee Messer","team_titlecolor":"#60b1ab","team_subtitle":"Quality Testing","team_subtitlecolor":"#333333","social_1_icon":"fab fa-facebook","social_1_link":"","social_2_icon":"fab fa-twitter","social_2_link":"","social_3_icon":"fab fa-linkedin","social_3_link":"","social_4_icon":"fab fa-pinterest","social_4_link":""}},"1546934573857":{"type":"text","settings":{"team_6_image":"shopify:\/\/shop_images\/t2.jpg","team_title":"Pedro Meas","team_titlecolor":"#60b1ab","team_subtitle":"Developer","team_subtitlecolor":"#000000","social_1_icon":"fab fa-facebook","social_1_link":"","social_2_icon":"fab fa-twitter","social_2_link":"","social_3_icon":"fab fa-pinterest","social_3_link":"","social_4_icon":"fab fa-google-plus","social_4_link":""}},"1546934579210":{"type":"text","settings":{"team_6_image":"shopify:\/\/shop_images\/t3.jpg","team_title":"Tara Shelby","team_titlecolor":"#60b1ab","team_subtitle":"Designer","team_subtitlecolor":"#000000","social_1_icon":"fab fa-facebook","social_1_link":"","social_2_icon":"fab fa-twitter","social_2_link":"","social_3_icon":"fab fa-linkedin","social_3_link":"","social_4_icon":"fab fa-pinterest","social_4_link":""}}},"block_order":["1546933565610","1546934573857","1546934579210"],"settings":{"team_maintitle":"Our Team","team_maintitlecolor":"#ffffff","title_bg_clr":"#60b1ab","team_socialiconcolor":"#ffffff","team_socialiconbgcolor":"#333333","socialiconhovercolor":"#ffffff","socialiconhovebgrcolor":"#60b1ab"}},"1546949821406":{"type":"home-product-grid-type-12-b","settings":{"heading_image_need":false,"title":"New arrivals","title_clr":"#ffffff","title_bg_clr":"#60b1ab","small_title":"","small_title_clr":"#333333","arrow_text_clr":"#000000","arrow_text_hover_clr":"#000000","collection":"best-seller","items":"4"}}},"content_for_index":["1542369329707","1546840985214","1546841272957","1546843062965","1546844401513","1546949821406","1546845775409","1546845801880","1546845833427","1546845845163","1543388641037","1546845859007"]}}