[{"name":"theme_info","logo":"https:\/\/cdn.shopify.com\/s\/global\/branding\/shopify_logo_256x256.png","settings":[{"type":"header","content":"Minimal Theme"},{"type":"paragraph","content":"This theme is fully supported by Buddhathemes. For support and customizations, read the [theme documentation](https:\/\/wedesignthemes.com\/shopify\/boutique) or contact [support@wedesignthemes.com](mailto:support@wedesignthemes.com?subject=[Boutique]+Theme+Support)."}]},{"name":"Logo","settings":[{"type":"checkbox","id":"logo_use_image","label":"Use a custom logo","default":false},{"type":"image","id":"logo.png","label":"Custom logo","info":"450 x 200px recommended"},{"type":"text","id":"logo_max_height","label":"Custom logobar height (in pixels)","default":"97"},{"type":"text","id":"logo_mob_height","label":"Mobile logobar height (in pixels)","default":"70"}]},{"name":"Favicon","settings":[{"type":"checkbox","id":"favicon_enable","label":"Use custom icon"},{"type":"image","id":"favicon.png","max-width":16,"max-height":16,"label":"Custom icon","info":"16 x 16px .png required"}]},{"name":"Preloader","settings":[{"type":"checkbox","id":"preloader_enable","label":"Use Preloader","default":false},{"type":"image","id":"preloader.gif","label":"Gif Image"}]},{"name":"Typography","settings":[{"type":"header","content":"Font options"},{"type":"select","id":"base_font","label":"Body text font","options":[{"value":"Google+Arvo","label":"Arvo","group":"Google Web Fonts"},{"value":"Google+Asap","label":"Asap","group":"Google Web Fonts"},{"value":"Google+Barlow+Semi+Condensed","label":"Barlow Semi Condensed","group":"Google Web Fonts"},{"value":"Google+Barlow+Condensed","label":"Barlow Condensed","group":"Google Web Fonts"},{"value":"Google+Cabin","label":"Cabin","group":"Google Web Fonts"},{"value":"Google+Copse","label":"Copse","group":"Google Web Fonts"},{"value":"Google+Droid+Sans","label":"Droid Sans","group":"Google Web Fonts"},{"value":"Google+Droid+Serif","label":"Droid Serif","group":"Google Web Fonts"},{"value":"Google+Dosis","label":"Dosis","group":"Google Web Fonts"},{"value":"Google+Gentium+Book+Basic","label":"Gentium Book Basic","group":"Google Web Fonts"},{"value":"Google+Hind","label":"Hind","group":"Google Web Fonts"},{"value":"Google+Josefin+Slab","label":"Josefin Slab","group":"Google Web Fonts"},{"value":"Google+Josefin+Sans","label":"Josefin Sans","group":"Google Web Fonts"},{"value":"Google+Kreon","label":"Kreon","group":"Google Web Fonts"},{"value":"Google+Lato","label":"Lato","group":"Google Web Fonts"},{"value":"Google+Montserrat","label":"Montserrat","group":"Google Web Fonts"},{"value":"Google+Merriweather","label":"Merriweather","group":"Google Web Fonts"},{"value":"Google+Old+Standard+TT","label":"Old Standard TT","group":"Google Web Fonts"},{"value":"Google+Open+Sans","label":"Open Sans","group":"Google Web Fonts"},{"value":"Google+Oswald","label":"Oswald","group":"Google Web Fonts"},{"value":"Google+Raleway","label":"Raleway","group":"Google Web Fonts"},{"value":"Google+PT+Sans","label":"PT Sans","group":"Google Web Fonts"},{"value":"Google+ProximaNovaLight","label":"Proxima Nova","group":"Google Web Fonts"},{"value":"Google+Prata","label":"Prata","group":"Google Web Fonts"},{"value":"Google+Paytone+One","label":"Paytone One","group":"Google Web Fonts"},{"value":"Helvetica, Arial, sans-serif","label":"Helvetica\/Arial","group":"Sans-serif"},{"value":"Impact, Charcoal, Helvetica, Arial, sans-serif","label":"Impact","group":"Sans-serif"},{"value":"'Lucida Grande', 'Lucida Sans Unicode', 'Lucida Sans', Lucida, Helvetica, Arial, sans-serif","label":"Lucida Grande","group":"Sans-serif"},{"value":"Google+Roboto","label":"Roboto","group":"Sans-serif"},{"value":"Google+Roboto+Condensed","label":"Roboto Condensed","group":"Sans-serif"},{"value":"Google+Roboto+Slab","label":"Roboto Slab","group":"Sans-serif"},{"value":"Google+Rye","label":"Rye","group":"cursive"},{"value":"Trebuchet MS, sans-serif","label":"Trebuchet MS","group":"Sans-serif"},{"value":"Verdana, Helvetica, Arial, sans-serif","label":"Verdana","group":"Sans-serif"},{"value":"Garamond, Baskerville, Caslon, serif","label":"Garamond","group":"Serif"},{"value":"Georgia, Utopia, 'Times New Roman', Times, serif","label":"Georgia","group":"Serif"},{"value":"Palatino, 'Palatino Linotype', 'Book Antiqua', serif","label":"Palatino","group":"Serif"},{"value":"Google+Playfair+Display","label":"Playfair Display","group":"Serif"},{"value":"'Times New Roman', Times, serif","label":"Times New Roman","group":"Serif"},{"value":"'Courier New', Courier, monospace","label":"Courier New","group":"Monospace"},{"value":"Monaco, 'Lucida Console', 'DejaVu Sans Mono', monospace","label":"Monaco\/Lucida Console","group":"Monospace"},{"value":"montserratregular","label":"Montserrat Regular","group":"Custom"},{"value":"montserratlight","label":"Montserrat Light","group":"Custom"},{"value":"montserratsemi_bold","label":"Montserrat Semi Bold","group":"Custom"},{"value":"montserratbold","label":"Montserrat Bold","group":"Custom"},{"value":"futura_md_btmedium","label":"Futura Medium","group":"Custom"},{"value":"futura_bk_btbook","label":"Futura Book","group":"Custom"}]},{"type":"select","id":"type_base_size","label":"Base size","default":"16px","options":[{"value":"13px","label":"13px"},{"value":"14px","label":"14px"},{"value":"15px","label":"15px"},{"value":"16px","label":"16px"},{"value":"17px","label":"17px"},{"value":"18px","label":"18px"},{"value":"19px","label":"19px"},{"value":"20px","label":"20px"}]},{"type":"select","id":"body_weight_size","label":"Body Weight","default":"normal","options":[{"value":"normal","label":"Normal"},{"value":"300","label":"300"},{"value":"400","label":"400"},{"value":"600","label":"600"},{"value":"800","label":"800"},{"value":"bold","label":"Bold"}]},{"type":"text","id":"text_spacing","label":"Text Spacing","default":"0.1"},{"type":"select","id":"header_font","label":"Header font","options":[{"value":"Google+Arvo","label":"Arvo","group":"Google Web Fonts"},{"value":"Google+Asap","label":"Asap","group":"Google Web Fonts"},{"value":"Google+Barlow+Semi+Condensed","label":"Barlow Semi Condensed","group":"Google Web Fonts"},{"value":"Google+Barlow+Condensed","label":"Barlow Condensed","group":"Google Web Fonts"},{"value":"Google+Cabin","label":"Cabin","group":"Google Web Fonts"},{"value":"Google+Copse","label":"Copse","group":"Google Web Fonts"},{"value":"Google+Droid+Sans","label":"Droid Sans","group":"Google Web Fonts"},{"value":"Google+Droid+Serif","label":"Droid Serif","group":"Google Web Fonts"},{"value":"Google+Dosis","label":"Dosis","group":"Google Web Fonts"},{"value":"Google+Gentium+Book+Basic","label":"Gentium Book Basic","group":"Google Web Fonts"},{"value":"Google+Hind","label":"Hind","group":"Google Web Fonts"},{"value":"Google+Josefin+Slab","label":"Josefin Slab","group":"Google Web Fonts"},{"value":"Google+Josefin+Sans","label":"Josefin Sans","group":"Google Web Fonts"},{"value":"Google+Kreon","label":"Kreon","group":"Google Web Fonts"},{"value":"Google+Lato","label":"Lato","group":"Google Web Fonts"},{"value":"Google+Montserrat","label":"Montserrat","group":"Google Web Fonts"},{"value":"Google+Merriweather","label":"Merriweather","group":"Google Web Fonts"},{"value":"Google+Old+Standard+TT","label":"Old Standard TT","group":"Google Web Fonts"},{"value":"Google+Open+Sans","label":"Open Sans","group":"Google Web Fonts"},{"value":"Google+Oswald","label":"Oswald","group":"Google Web Fonts"},{"value":"Google+Raleway","label":"Raleway","group":"Google Web Fonts"},{"value":"Google+PT+Sans","label":"PT Sans","group":"Google Web Fonts"},{"value":"Google+ProximaNovaLight","label":"Proxima Nova","group":"Google Web Fonts"},{"value":"Google+Prata","label":"Prata","group":"Google Web Fonts"},{"value":"Google+Paytone+One","label":"Paytone One","group":"Google Web Fonts"},{"value":"Helvetica, Arial, sans-serif","label":"Helvetica\/Arial","group":"Sans-serif"},{"value":"Impact, Charcoal, Helvetica, Arial, sans-serif","label":"Impact","group":"Sans-serif"},{"value":"'Lucida Grande', 'Lucida Sans Unicode', 'Lucida Sans', Lucida, Helvetica, Arial, sans-serif","label":"Lucida Grande","group":"Sans-serif"},{"value":"Google+Roboto","label":"Roboto","group":"Sans-serif"},{"value":"Google+Roboto+Condensed","label":"Roboto Condensed","group":"Sans-serif"},{"value":"Google+Roboto+Slab","label":"Roboto Slab","group":"Sans-serif"},{"value":"Google+Rye","label":"Rye","group":"cursive"},{"value":"Trebuchet MS, sans-serif","label":"Trebuchet MS","group":"Sans-serif"},{"value":"Verdana, Helvetica, Arial, sans-serif","label":"Verdana","group":"Sans-serif"},{"value":"Garamond, Baskerville, Caslon, serif","label":"Garamond","group":"Serif"},{"value":"Georgia, Utopia, 'Times New Roman', Times, serif","label":"Georgia","group":"Serif"},{"value":"Palatino, 'Palatino Linotype', 'Book Antiqua', serif","label":"Palatino","group":"Serif"},{"value":"Google+Playfair+Display","label":"Playfair Display","group":"Serif"},{"value":"'Times New Roman', Times, serif","label":"Times New Roman","group":"Serif"},{"value":"'Courier New', Courier, monospace","label":"Courier New","group":"Monospace"},{"value":"Monaco, 'Lucida Console', 'DejaVu Sans Mono', monospace","label":"Monaco\/Lucida Console","group":"Monospace"},{"value":"montserratregular","label":"Montserrat Regular","group":"Custom"},{"value":"montserratlight","label":"Montserrat Light","group":"Custom"},{"value":"montserratsemi_bold","label":"Montserrat Semi Bold","group":"Custom"},{"value":"montserratbold","label":"Montserrat Bold","group":"Custom"},{"value":"futura_md_btmedium","label":"Futura Medium","group":"Custom"},{"value":"futura_bk_btbook","label":"Futura Book","group":"Custom"}]},{"type":"select","id":"type_weight_size","label":"Font Weight","default":"bold","options":[{"value":"normal","label":"Normal"},{"value":"300","label":"300"},{"value":"400","label":"400"},{"value":"600","label":"600"},{"value":"800","label":"800"},{"value":"bold","label":"Bold"}]},{"type":"checkbox","id":"type_uppercase","label":"Uppercase"},{"type":"text","id":"heading_spacing","label":"Heading Spacing","default":"0.1"},{"type":"select","id":"type_header_base_size","label":"Heading H1 size","default":"50px","options":[{"value":"20px","label":"20px"},{"value":"22px","label":"22px"},{"value":"24px","label":"24px"},{"value":"26px","label":"26px"},{"value":"28px","label":"28px"},{"value":"30px","label":"30px"},{"value":"32px","label":"32px"},{"value":"34px","label":"34px"},{"value":"36px","label":"36px"},{"value":"40px","label":"40px"},{"value":"44px","label":"44px"},{"value":"46px","label":"46px"},{"value":"48px","label":"48px"},{"value":"50px","label":"50px"},{"value":"60px","label":"60px"},{"value":"70px","label":"70px"}]},{"type":"select","id":"type_header_base_size_2","label":"Heading H2 Size","default":"40px","options":[{"value":"20px","label":"20px"},{"value":"22px","label":"22px"},{"value":"24px","label":"24px"},{"value":"26px","label":"26px"},{"value":"28px","label":"28px"},{"value":"30px","label":"30px"},{"value":"32px","label":"32px"},{"value":"34px","label":"34px"},{"value":"36px","label":"36px"},{"value":"40px","label":"40px"},{"value":"44px","label":"44px"},{"value":"46px","label":"46px"},{"value":"48px","label":"48px"},{"value":"50px","label":"50px"},{"value":"60px","label":"60px"},{"value":"70px","label":"70px"}]},{"type":"select","id":"type_header_base_size_3","label":"Heading H3 Size","default":"30px","options":[{"value":"20px","label":"20px"},{"value":"22px","label":"22px"},{"value":"24px","label":"24px"},{"value":"26px","label":"26px"},{"value":"28px","label":"28px"},{"value":"30px","label":"30px"},{"value":"32px","label":"32px"},{"value":"34px","label":"34px"},{"value":"36px","label":"36px"},{"value":"40px","label":"40px"},{"value":"44px","label":"44px"},{"value":"46px","label":"46px"},{"value":"48px","label":"48px"},{"value":"50px","label":"50px"},{"value":"60px","label":"60px"},{"value":"70px","label":"70px"}]},{"type":"select","id":"type_header_base_size_4","label":"Heading H4 Size","default":"20px","options":[{"value":"20px","label":"20px"},{"value":"22px","label":"22px"},{"value":"24px","label":"24px"},{"value":"26px","label":"26px"},{"value":"28px","label":"28px"},{"value":"30px","label":"30px"},{"value":"32px","label":"32px"},{"value":"34px","label":"34px"},{"value":"36px","label":"36px"},{"value":"40px","label":"40px"},{"value":"44px","label":"44px"},{"value":"46px","label":"46px"},{"value":"48px","label":"48px"},{"value":"50px","label":"50px"},{"value":"60px","label":"60px"},{"value":"70px","label":"70px"}]},{"type":"select","id":"type_header_base_size_5","label":"Heading H5 Size","default":"18px","options":[{"value":"16px","label":"16px"},{"value":"18px","label":"18px"},{"value":"20px","label":"20px"},{"value":"22px","label":"22px"},{"value":"24px","label":"24px"},{"value":"26px","label":"26px"},{"value":"28px","label":"28px"},{"value":"30px","label":"30px"},{"value":"32px","label":"32px"},{"value":"34px","label":"34px"},{"value":"36px","label":"36px"},{"value":"40px","label":"40px"},{"value":"44px","label":"44px"},{"value":"46px","label":"46px"},{"value":"48px","label":"48px"},{"value":"50px","label":"50px"},{"value":"60px","label":"60px"},{"value":"70px","label":"70px"}]},{"type":"select","id":"type_header_base_size_6","label":"Heading H6 Size","default":"16px","options":[{"value":"14px","label":"14px"},{"value":"16px","label":"16px"},{"value":"18px","label":"18px"},{"value":"20px","label":"20px"},{"value":"22px","label":"22px"},{"value":"24px","label":"24px"},{"value":"26px","label":"26px"},{"value":"28px","label":"28px"},{"value":"30px","label":"30px"},{"value":"32px","label":"32px"},{"value":"34px","label":"34px"},{"value":"36px","label":"36px"},{"value":"40px","label":"40px"},{"value":"44px","label":"44px"},{"value":"46px","label":"46px"},{"value":"48px","label":"48px"},{"value":"50px","label":"50px"},{"value":"60px","label":"60px"},{"value":"70px","label":"70px"}]},{"type":"select","id":"other_font","label":"Slider font","options":[{"value":"Google+Arvo","label":"Arvo","group":"Google Web Fonts"},{"value":"Google+Asap","label":"Asap","group":"Google Web Fonts"},{"value":"Google+Barlow+Semi+Condensed","label":"Barlow Semi Condensed","group":"Google Web Fonts"},{"value":"Google+Barlow+Condensed","label":"Barlow Condensed","group":"Google Web Fonts"},{"value":"Google+Cabin","label":"Cabin","group":"Google Web Fonts"},{"value":"Google+Copse","label":"Copse","group":"Google Web Fonts"},{"value":"Google+Droid+Sans","label":"Droid Sans","group":"Google Web Fonts"},{"value":"Google+Droid+Serif","label":"Droid Serif","group":"Google Web Fonts"},{"value":"Google+Dosis","label":"Dosis","group":"Google Web Fonts"},{"value":"Google+Gentium+Book+Basic","label":"Gentium Book Basic","group":"Google Web Fonts"},{"value":"Google+Hind","label":"Hind","group":"Google Web Fonts"},{"value":"Google+Josefin+Slab","label":"Josefin Slab","group":"Google Web Fonts"},{"value":"Google+Josefin+Sans","label":"Josefin Sans","group":"Google Web Fonts"},{"value":"Google+Kreon","label":"Kreon","group":"Google Web Fonts"},{"value":"Google+Lato","label":"Lato","group":"Google Web Fonts"},{"value":"Google+Montserrat","label":"Montserrat","group":"Google Web Fonts"},{"value":"Google+Merriweather","label":"Merriweather","group":"Google Web Fonts"},{"value":"Google+Old+Standard+TT","label":"Old Standard TT","group":"Google Web Fonts"},{"value":"Google+Open+Sans","label":"Open Sans","group":"Google Web Fonts"},{"value":"Google+Oswald","label":"Oswald","group":"Google Web Fonts"},{"value":"Google+Raleway","label":"Raleway","group":"Google Web Fonts"},{"value":"Google+PT+Sans","label":"PT Sans","group":"Google Web Fonts"},{"value":"Google+ProximaNovaLight","label":"Proxima Nova","group":"Google Web Fonts"},{"value":"Google+Prata","label":"Prata","group":"Google Web Fonts"},{"value":"Google+Paytone+One","label":"Paytone One","group":"Google Web Fonts"},{"value":"Helvetica, Arial, sans-serif","label":"Helvetica\/Arial","group":"Sans-serif"},{"value":"Impact, Charcoal, Helvetica, Arial, sans-serif","label":"Impact","group":"Sans-serif"},{"value":"'Lucida Grande', 'Lucida Sans Unicode', 'Lucida Sans', Lucida, Helvetica, Arial, sans-serif","label":"Lucida Grande","group":"Sans-serif"},{"value":"Google+Roboto","label":"Roboto","group":"Sans-serif"},{"value":"Google+Roboto+Condensed","label":"Roboto Condensed","group":"Sans-serif"},{"value":"Google+Roboto+Slab","label":"Roboto Slab","group":"Sans-serif"},{"value":"Google+Rye","label":"Rye","group":"cursive"},{"value":"Trebuchet MS, sans-serif","label":"Trebuchet MS","group":"Sans-serif"},{"value":"Verdana, Helvetica, Arial, sans-serif","label":"Verdana","group":"Sans-serif"},{"value":"Garamond, Baskerville, Caslon, serif","label":"Garamond","group":"Serif"},{"value":"Georgia, Utopia, 'Times New Roman', Times, serif","label":"Georgia","group":"Serif"},{"value":"Palatino, 'Palatino Linotype', 'Book Antiqua', serif","label":"Palatino","group":"Serif"},{"value":"Google+Playfair+Display","label":"Playfair Display","group":"Serif"},{"value":"'Times New Roman', Times, serif","label":"Times New Roman","group":"Serif"},{"value":"'Courier New', Courier, monospace","label":"Courier New","group":"Monospace"},{"value":"Monaco, 'Lucida Console', 'DejaVu Sans Mono', monospace","label":"Monaco\/Lucida Console","group":"Monospace"},{"value":"montserratregular","label":"Montserrat Regular","group":"Custom"},{"value":"montserratlight","label":"Montserrat Light","group":"Custom"},{"value":"montserratsemi_bold","label":"Montserrat Semi Bold","group":"Custom"},{"value":"montserratbold","label":"Montserrat Bold","group":"Custom"},{"value":"futura_md_btmedium","label":"Futura Medium","group":"Custom"},{"value":"futura_bk_btbook","label":"Futura Book","group":"Custom"}]}]},{"name":"Colors","settings":[{"type":"color","id":"color_body_bg","label":"Body background","default":"#ffffff"},{"type":"color","id":"overlay_bg","label":"Overlay background","default":"#000"},{"type":"color","id":"color_borders","label":"Lines and borders","default":"#e5e5e5"},{"type":"color","id":"black_borders","label":"Black border","default":"#e5e5e5"},{"type":"header","content":"Buttons"},{"type":"color","id":"color_primary","label":"Primary buttons Bg","default":"#204a80"},{"type":"color","id":"color_button_primary_text","label":"Primary button text","default":"#ffffff"},{"type":"color","id":"primary_hover_btn","label":"Primary hover buttons","default":"#ff003a"},{"type":"color","id":"primary_hover_btn_text","label":"Primary hover buttons text","default":"#fff"},{"type":"text","id":"border_radius","label":"Border Radius","default":"50"},{"type":"color","id":"color_sold","label":"Sold button","default":"#dcdcdc"},{"type":"color","id":"color_sold_text","label":"Sold button text","default":"#ffffff"},{"type":"color","id":"sale_bg","label":"Sale button","default":"#11b00d"},{"type":"color","id":"sale_button_text","label":"Sale button text","default":"#ffffff"},{"type":"color","id":"new_bg","label":"New button","default":"#11b00d"},{"type":"color","id":"new_button_text","label":"New button text","default":"#ffffff"},{"type":"color","id":"offer_bg","label":"Offer button","default":"#11b00d"},{"type":"color","id":"offer_button_text","label":"Offer button text","default":"#ffffff"},{"type":"header","content":"Text"},{"type":"color","id":"color_body_text","label":"Body","default":"#333333"},{"type":"color","id":"link_color","label":"Link color","default":"#000"},{"type":"color","id":"color_primary_color","label":"Link hover color","default":"#db0022"},{"type":"color","id":"color_heading_type1_color","label":"Small Heading Color","default":"#17313e"},{"type":"color","id":"color_heading_color","label":"Heading Color","default":"#17313e"},{"type":"header","content":"Product"},{"type":"checkbox","id":"secondary_image_use","label":"Use Product Hover Image?","default":true},{"type":"checkbox","id":"show_img_height","label":"Show Image Height","default":true},{"type":"text","id":"products_img_height","label":"Product Image Height","default":"400"},{"type":"select","id":"product_row_mob","label":"On Mobile Product Row","options":[{"value":"single","label":"single"},{"value":"double","label":"double"}]},{"type":"checkbox","id":"overlay_use","label":"Use Overlay"},{"type":"color","id":"product_overlay","label":"Product Overlay","default":"#17313e"},{"type":"color","id":"products_icon_bg","label":"Product Icon Bg","default":"#17313e"},{"type":"color","id":"products_icon_clr","label":"Product Icon Color","default":"#17313e"},{"type":"color","id":"products_icon_hover_bg","label":"Product Icon Hover Bg","default":"#17313e"},{"type":"color","id":"products_icon_hover_clr","label":"Product Icon Hover Color","default":"#17313e"},{"type":"text","id":"products_gutter","label":"Product Gutter","default":"10"},{"type":"text","id":"products_border_radius","label":"Product Border Radius","default":"7"},{"type":"checkbox","id":"products_border_full","label":"Product Full Border Use?"},{"type":"text","id":"products_full_border_width","label":"Product Full Border Width","default":"2"},{"type":"color","id":"products_full_border","label":"Product Full Border","default":"#17313e"},{"type":"color","id":"products_full_hover_border","label":"Product Full Hover Border","default":"#0e5ec1"},{"type":"checkbox","id":"products_border_use","label":"Product Image Border Use?"},{"type":"text","id":"products_border_width","label":"Product Image Border Width","default":"2"},{"type":"color","id":"products_border","label":"Product Image Border","default":"#fff"},{"type":"color","id":"products_border_2","label":"Product Image Border 2","default":"#fff"},{"type":"color","id":"products_det_bg","label":"Product Detail Bg","default":"#17313e"},{"type":"color","id":"product_title_bg_color","label":"Product Bg color","default":"#fff"},{"type":"color","id":"product_title_color","label":"Product title color","default":"#17313e"},{"type":"color","id":"product_title_hover_color","label":"Product title hover color","default":"#17313e"},{"type":"color","id":"product_price","label":"Product Price","default":"#333333"},{"type":"color","id":"product_cmp_price","label":"Product Compare Price","default":"#bcbcbc"},{"type":"color","id":"product_vendor","label":"Product Vendor","default":"#bcbcbc"},{"type":"color","id":"product_label_color","label":"Product Label color","default":"#17313e"},{"type":"header","content":"Sidebar"},{"type":"color","id":"sidebar_bg","label":"Sidebar background","default":"#69bff1"},{"type":"color","id":"sidebar_text","label":"Sidebar Text Color","default":"#fff"}]},{"name":"Breadcrumb","settings":[{"type":"checkbox","id":"use_breadcrumb","label":"Use Breadcrumb?","default":true},{"type":"checkbox","id":"breadcrumb_bg_image","label":"Breadcrumb background image"},{"type":"image","id":"breadcrumb_bg_image.jpg"},{"type":"color","id":"breadcrumb_bg_color","label":"Breadcrumb bg color","default":"#000"},{"type":"color","id":"breadcrumb_text_color","label":"Breadcrumb text color","default":"#000"},{"type":"color","id":"breadcrumb_text_hover_color","label":"Breadcrumb text hover color","default":"#000"}]},{"name":"Images","settings":[{"type":"image_picker","id":"arrow_left_img","label":"Arrow Left Image"},{"type":"image_picker","id":"arrow_right_img","label":"Arrow Right Image"},{"type":"image","id":"minicart_icon_img_1.png","label":"Cart Image 1"},{"type":"image","id":"minicart_icon_img_2.png","label":"Cart Image 2"},{"type":"image","id":"minicart_icon_img_3.png","label":"Cart Image 3"},{"type":"checkbox","id":"top_to_btm","label":"Top to Bottom Image ?"},{"type":"image","id":"top_to_btm.png"}]},{"name":"Header","settings":[{"type":"select","id":"header_style_1","label":"Header Style","options":[{"value":"style_1","label":"Header 1"},{"value":"style_2","label":"Header 2"},{"value":"style_3","label":"Header 3"},{"value":"style_4","label":"Header 4"},{"value":"style_5","label":"Header 5"},{"value":"style_6","label":"Header 6"},{"value":"style_7","label":"Header 7"},{"value":"style_8","label":"Header 8"},{"value":"style_9","label":"Header 9"},{"value":"style_10","label":"Header 10"},{"value":"style_11","label":"Header 11"},{"value":"style_12","label":"Header 12"}]},{"type":"checkbox","id":"use_sticky_header","label":"Use sticky header","default":false},{"type":"checkbox","id":"use_sticky_mobile","label":"Hide sticky for mobile","default":false}]},{"name":"Footer","settings":[{"type":"select","id":"footer_style_1","label":"Footer Style","options":[{"value":"style_1","label":"Footer 1"},{"value":"style_2","label":"Footer 2"},{"value":"style_3","label":"Footer 3"},{"value":"style_4","label":"Footer 4"},{"value":"style_5","label":"Footer 5"},{"value":"style_6","label":"Footer 6"},{"value":"style_7","label":"Footer 7"},{"value":"style_8","label":"Footer 8"},{"value":"style_9","label":"Footer 9"},{"value":"style_10","label":"Footer 10"},{"value":"style_11","label":"Footer 11"},{"value":"style_12","label":"Footer 12"}]}]},{"name":"Quick Shop Options","settings":[{"type":"checkbox","id":"enable_quick_view","label":"Enable quick view","default":true},{"type":"checkbox","id":"show_prt_quickview_desc","label":"Enable Quickview Product Description","default":false},{"type":"checkbox","id":"display_quick_availability","label":"Enable Quickview Availability?","default":false},{"type":"checkbox","id":"display_quick_subtotal","label":"Display Subtotal?","default":true}]},{"name":"General Options","settings":[{"type":"checkbox","id":"collections_show_sale_circle","label":"Show product sale circle","default":true},{"type":"checkbox","id":"collections_show_sold_out_circle","label":"Show product sold out circle","default":true},{"type":"checkbox","id":"offer_price_enable","label":"Enable offer %","default":true},{"type":"checkbox","id":"collections_show_new_circle","label":"Enable New tag","default":true},{"type":"text","id":"new_products_period","label":"Number of days for which the product is considered 'new' ","info":"Ex: 10(days)"},{"type":"checkbox","id":"display_vendor","label":"Display vendor ","default":true},{"type":"checkbox","id":"display_subtotal","label":"Display Subtotal?","default":true},{"type":"checkbox","id":"enable_product_detail_link_icon","label":"Enable Product detail link icon ","default":true},{"type":"checkbox","id":"enable_add_cart","label":"Enable add to cart","default":true},{"type":"checkbox","id":"enable_wishlist","label":"Enable wishlist","default":true},{"type":"checkbox","id":"display_color_variant","label":"Display Color Variant","default":true},{"type":"checkbox","id":"product_review","label":"Enable Product Review"},{"type":"header","content":"Multiple Filter Choices"},{"type":"checkbox","id":"enable_sidebar_multiple_choice","label":"Enable","default":true,"info":"User can select multiple colors (size, brand...) or only one color (size, brand...)?"}]},{"name":"Sidebars","settings":[{"type":"checkbox","id":"homepage_sidebar","label":"Display Homepage Sidebar?"},{"type":"checkbox","id":"homepage_sidebar_mobile","label":"Enable Homepage Sidebar On Mobile ?","default":false},{"type":"select","id":"collection_sidebar_use","label":"Collection Sidebar","default":"left_sidebar","options":[{"value":"left_sidebar","label":"Left Sidebar"},{"value":"right_sidebar","label":"Right Sidebar"},{"value":"full_width","label":"Full Width"}]},{"type":"checkbox","id":"collection_sidebar_mobile","label":"Enable Collection Sidebar On Mobile ?","default":false},{"type":"select","id":"product_page_sidebar","label":"Use Product sidebar ","default":"left_sidebar","options":[{"value":"left_sidebar","label":"Left Sidebar"},{"value":"right_sidebar","label":"Right Sidebar"},{"value":"full_width","label":"Full Width"}]},{"type":"checkbox","id":"product_sidebar_mobile","label":"Enable Product Sidebar On Mobile ?","default":false},{"type":"select","id":"blog_page_sidebar","label":"Blog Sidebar","default":"left_sidebar","options":[{"value":"left_sidebar","label":"Left Sidebar"},{"value":"right_sidebar","label":"Right Sidebar"},{"value":"full_width","label":"Full Width"}]}]},{"name":"List Collection page","settings":[{"type":"checkbox","id":"use_custom_list_collection","label":"Use custom list collection"},{"type":"link_list","id":"list-collections","label":"Pick custom  linkedlist"},{"type":"text","id":"collection_btn_text","label":"Btn text","default":"Read More"}]},{"name":"Product page","settings":[{"type":"select","id":"single_product_layout_type","label":"Layout Style","options":[{"value":"layout_style_1","label":"Layout 1"},{"value":"layout_style_2","label":"Layout 2"},{"value":"layout_style_3","label":"Layout 3"},{"value":"layout_style_4","label":"Layout 4"},{"value":"layout_style_5","label":"Layout 5"},{"value":"layout_style_6","label":"Layout 6"},{"value":"layout_style_7","label":"Layout 7"},{"value":"layout_style_8","label":"Layout 8"},{"value":"layout_style_9","label":"Layout 9"},{"value":"layout_style_10","label":"Layout 10"}],"default":"layout_style_1","info":"Layout 1"},{"type":"checkbox","id":"display_availability","label":"Display Availability?","default":true},{"type":"checkbox","id":"enable_color_swatch","label":"Enable color swatch?"},{"type":"checkbox","id":"enable_linked_option","label":"Enable linked options?"}]},{"name":"Cart page","settings":[{"type":"checkbox","id":"cart_notes_enable","label":"Enable order notes"},{"type":"checkbox","id":"use_ajax_cart","label":"Enable ajax cart","default":true},{"type":"color","id":"cart_title_bg","label":"Title Bg","default":"#000"},{"type":"color","id":"cart_title_clr","label":"Title color","default":"#000"}]},{"name":"Search Page","settings":[{"type":"select","id":"search_grid","label":"Search per row (grid only)","default":"4","options":[{"value":"1","label":"1"},{"value":"2","label":"2"},{"value":"3","label":"3"},{"value":"4","label":"4"},{"value":"5","label":"5"}]},{"type":"text","id":"search_results_per_page","label":"Search Product per page","default":"12"},{"type":"checkbox","id":"show_search_prt","label":"Show only productt on search page","default":true}]},{"name":"Contact page","settings":[{"type":"checkbox","id":"enable_gmap","label":"Enable Contact Map?"},{"type":"textarea","id":"contact_iframe_code","label":"Map Code[iframe]","info":"[Where do I find googlemap action URL?](https:\/\/support.google.com\/maps\/answer\/3544418?hl=en)"},{"type":"checkbox","id":"enable_contact_section","label":"Enable Contact Section"},{"type":"checkbox","id":"contact_bg_img","label":"Enable Contact Bg Image"},{"type":"image","id":"contact_bg_img.png"},{"type":"color","id":"contact_bg_color","label":"Contact Bg Color","default":"#000"},{"type":"text","id":"contact_module_contact_phonetitle","label":"Title"},{"type":"text","id":"contact_phone1","label":"Phone"},{"type":"text","id":"contact_phone2","label":"Phone"},{"type":"text","id":"contact_module_contact_title","label":"Title"},{"type":"checkbox","id":"contact_module_email","label":"Enable Email"},{"type":"text","id":"contact_module_email_1","label":"Email"},{"type":"text","id":"contact_module_email2","label":"Email"},{"type":"checkbox","id":"contact_phone","label":"Enable Phone"},{"type":"checkbox","id":"enable_contact_address","label":"Enable Contact Address?"},{"type":"checkbox","id":"contact_module_address","label":"Enable Address"},{"type":"text","id":"contact_module_address_title","label":"Title"},{"type":"textarea","id":"contact_module_address1","label":"Address"},{"type":"textarea","id":"contact_module_address2","label":"Address"}]},{"name":"Newsletter","settings":[{"type":"checkbox","id":"display_popup_newsletter","label":"Display popup newsletter?","default":true},{"type":"checkbox","id":"pop_up_newsletter_img_show","label":"Popup newsletter image ?","info":"Size: 280x370","default":true},{"type":"image","id":"popup_newsletter_img.jpg"},{"type":"color","id":"popup_newsletter_bg","label":"Popup newsletter inner bg","default":"#fff"},{"type":"text","id":"popup_newsletter_title","label":"Popup Newsletter Title","default":"Popup Newsletter Title"},{"type":"text","id":"popup_newsletter_subtitle","label":"Popup Newsletter SubTitle","default":"Popup Newsletter SubTitle"},{"type":"textarea","id":"popup_newsletter_message","label":"Popup Newsletter Message"},{"type":"color","id":"popup_newsletter_text","label":"Popup newsletter Text","default":"#fff"},{"type":"color","id":"popup_newsletter_form","label":"Popup newsletter Label Bg","default":"#fff"},{"type":"color","id":"popup_newsletter_form_txt_hvr","label":"Popup newsletter Label Text","default":"#cca471"},{"type":"color","id":"popup_newsletter_form_txt","label":"Popup newsletter Form Text","default":"#000"},{"type":"color","id":"popup_news_close","label":"Popup newsletter close button","default":"#000"},{"type":"text","id":"form_note","label":"Popup Newsletter Note"}]},{"name":"Product Count Down","settings":[{"type":"header","content":"General Setting"},{"type":"checkbox","id":"count_down_enable","label":"Enable Product Count Down"},{"type":"checkbox","id":"count_down_home","label":"Enable Home Pages"},{"type":"checkbox","id":"count_down_collections","label":"Enable Collection Pages"},{"type":"checkbox","id":"count_down_prodetails","label":"Enable Product Detail Pages"},{"type":"checkbox","id":"prodetail_deal_label","label":"Deal Heading Enable?"},{"type":"text","id":"prodetail_deal_heading","label":"Deal heading","default":"Off Ends on"},{"type":"textarea","id":"home_productdeal_time","label":"Deal Time","info":"Product_ID@Time_end(month-day-Year_Hour:Minute:Second). Example: 421783601@10\/24\/2015_00:00:00 421783565@11\/24\/2015_00:00:00 421783465@12\/24\/2015_00:00:00"},{"type":"color","id":"dealbtn","label":"Deal Button","default":"#000"},{"type":"color","id":"dealbtn_text","label":"Deal Button Text","default":"#fff"}]},{"name":"Social media","settings":[{"type":"header","content":"Accounts"},{"type":"text","id":"social_twitter_link","label":"Twitter","info":"https:\/\/twitter.com\/shopify"},{"type":"text","id":"social_facebook_link","label":"Facebook","info":"https:\/\/www.facebook.com\/shopify"},{"type":"text","id":"social_pinterest_link","label":"Pinterest","info":"https:\/\/www.pinterest.com\/shopify"},{"type":"text","id":"social_google_plus_link","label":"Google+","info":"https:\/\/plus.google.com\/+shopify"},{"type":"text","id":"social_instagram_link","label":"Instagram","info":"https:\/\/instagram.com\/shopify"},{"type":"text","id":"social_tumblr_link","label":"Tumblr","info":"http:\/\/shopify.tumblr.com"},{"type":"text","id":"social_youtube_link","label":"YouTube","info":"https:\/\/www.youtube.com\/user\/shopify"},{"type":"text","id":"social_vimeo_link","label":"Vimeo","info":"https:\/\/vimeo.com\/shopify"},{"type":"text","id":"social_fancy_link","label":"Fancy","info":"http:\/\/fancy.com\/shopify"},{"type":"text","id":"social_rss_link","label":"RSS","info":"http:\/\/store.myshopify.com\/blogs\/blogname.atom"},{"type":"header","content":"Sharing"},{"type":"checkbox","id":"social_sharing_blog","label":"Enable blog post sharing"},{"type":"checkbox","id":"social_sharing_count","label":"Show number of shares","info":"Available for Facebook, Twitter, and Pinterest"},{"type":"checkbox","id":"share_facebook","label":"Share on Facebook"},{"type":"checkbox","id":"share_twitter","label":"Tweet on Twitter"},{"type":"checkbox","id":"share_pinterest","label":"Pin on Pinterest"},{"type":"checkbox","id":"share_google","label":"+1 on Google Plus"},{"type":"select","id":"social_sharing_style","label":"Button style","options":[{"value":"normal","label":"Normal"},{"value":"is-clean","label":"Clean"}]}]},{"name":"Suggest Products","settings":[{"type":"collection","label":"Select collection to display","id":"collection_suggest"},{"type":"header","content":"Select page to display"},{"type":"checkbox","id":"display_index","label":"Home page","default":true,"info":"Suggest products will display on home page"},{"type":"checkbox","id":"display_product","label":"Product single","default":true,"info":"Suggest products will display on Product single"},{"type":"checkbox","id":"display_collection","label":"Collection page","default":false,"info":"Suggest products will display on Collection page"},{"type":"checkbox","id":"display_article","label":"Article page","default":false,"info":"Suggest products will display on Article page"},{"type":"checkbox","id":"display_blog","label":"Blog page","default":false,"info":"Suggest products will display on Blog page"},{"type":"checkbox","id":"display_cart","label":"Cart page","default":false,"info":"Suggest products will display on Cart page"},{"type":"header","content":"General settings"},{"type":"text","id":"interval_time","default":"15000","label":"Interval time ( Integer )"},{"type":"checkbox","id":"show_close_suggest","label":"Show close button","default":false}]},{"name":"Money options","settings":[{"type":"checkbox","id":"display_currency","label":"Allow shopper to see prices in his own currency?"},{"type":"text","id":"currency_1_unit","label":"Currency 1 unit Text","default":"USD"},{"type":"text","id":"currency_2_unit","label":"Currency 2 unit Text","default":"EUR"},{"type":"text","id":"currency_3_unit","label":"Currency 3 unit Text","default":"GBP"},{"type":"text","id":"currency_4_unit","label":"Currency 4 unit Text","default":"AUD"},{"type":"text","id":"currency_5_unit","label":"Currency 5 unit Text","default":"INR"},{"type":"text","id":"currency_6_unit","label":"Currency 6 unit Text","default":"JPY"},{"type":"text","id":"currency_7_unit","label":"Currency 7 unit Text","default":"CAD"},{"type":"text","id":"currency_8_unit","label":"Currency 8 unit Text","default":"CNY"},{"type":"text","id":"currency_9_unit","label":"Currency 9 unit Text","default":"AED"},{"type":"text","id":"currency_10_unit","label":"Currency 10 unit Text","default":"RUB"},{"type":"paragraph","content":"Separate your currency codes with a space. Use the ISO 4217 3-letter currency code. Click [here](http:\/\/www.xe.com\/iso4217.php) for a complete list of currency codes. Example: CAD USD."},{"type":"paragraph","content":"* For this functionality to work in your shop, you are required to edit your money formats as per [these instructions](http:\/\/wiki.shopify.com\/How_to_Show_Multiple_Currencies#Do_tell_where_the_money_is) (“Do tell where the money is”)."}]},{"name":"Password Page","settings":[{"type":"checkbox","id":"password_bg_img","label":"Background image"},{"type":"image","id":"password_bg_img.jpg"},{"type":"checkbox","id":"password_logo","label":"Logo image"},{"type":"image","id":"password_logo.png"},{"type":"color","id":"logo_txt_color","label":"Logo Text Color","default":"#ffffff"},{"type":"text","id":"pwd_header","label":"Heading","default":"Opening Soon"},{"type":"color","id":"pwd_header_color","label":"Heading Color","default":"#ffffff"},{"type":"checkbox","id":"pwd_show_share_buttons","label":"Show social sharing buttons","default":true},{"type":"text","id":"pwd_social_message","label":"Social sharing buttons heading","default":"Spread the word"},{"type":"checkbox","id":"pwd_newsletter_enable","label":"Show newsletter signup","default":true},{"type":"text","id":"pwd_newsletter_form_heading","label":"Newsletter form heading","default":"Be the first to know when we launch.","info":"[Tell your visitors about a launch day discount](https:\/\/www.shopify.ca\/blog\/15514000-14-ways-to-use-offers-coupons-discounts-and-deals-to-drive-revenue-and-customer-loyalty)."},{"type":"color","id":"pwd_newsletter_form_heading_clr","label":"Form Heading Color","default":"#ffffff"},{"type":"color","id":"pwd_newsletter_inpt_bg","label":"Input Bg Color","default":"#ffffff"},{"type":"color","id":"pwd_newsletter_btn_bg","label":"Button Bg Color","default":"#ffffff"},{"type":"color","id":"pwd_newsletter_btn_txt","label":"Button Text Color","default":"#ffffff"},{"type":"color","id":"pwd_newsletter_btn_hoverbg","label":"Button Hover Bg Color","default":"#ffffff"},{"type":"color","id":"pwd_newsletter_btn_hovertxt","label":"Button Hover Text Color","default":"#ffffff"},{"type":"color","id":"pwd_placeholder_txt","label":"Placeholder Text Color","default":"#ffffff"},{"type":"text","id":"pwd_newsletter_placeholder","label":"Newsletter placeholder text","default":"Email address"},{"type":"text","id":"pwd_newsletter_button_text","label":"Newsletter button text","default":"Notify me"},{"type":"color","id":"social_title_clr","label":"Social Title Color","default":"#fff"},{"type":"color","id":"social_icon_clr","label":"Social Icon Color","default":"#fff"},{"type":"color","id":"social__icon_hoverclr","label":"Social Icon Hover Color","default":"#fff"}]}]