[{"name":"theme_info","theme_name":"Fiturj","theme_author":"ShopiLaunch","theme_version":"1.0.1","theme_documentation_url":"https:\/\/shopilaunch.com","theme_support_url":"https:\/\/shopilaunch.com"},{"name":"General","settings":[{"type":"image","id":"favicon.png","label":"Favicon","info":"16 x 16px png"},{"type":"image","id":"icon-for-mobile.png","label":"Site Identity","info":"The Site Icon is used as a browser and app icon for your site. Icons must be square, and at least 512 pixels wide and tall."}]},{"name":"Popup newletter","settings":[{"type":"header","info":"MailChimp form action URL: Setting in Login Store > Customize theme > Theme settings tab > Mailchimp","content":"Newsletter"},{"type":"header","content":"Info Left"},{"type":"text","id":"title_popup","label":"Title Popup","default":"Join Our Mailing List"},{"type":"text","id":"description_popup","label":"Description Popup","default":"Pellentesque de fermentum mollis comodous an loremous"},{"type":"text","id":"placeholder_popup","label":"Placeholder popup","default":"Email"},{"type":"text","id":"button_name_popup","label":"Button name popup","default":"Sign in"},{"type":"text","id":"content_popup","label":"Content popup","default":"SIGN UP FOR EXCLUSIVE UPDATES, NEW ARRIVALS AND INSIDER-ONLY DISCOUNTS"},{"type":"header","content":"Social"},{"type":"text","id":"icon_sc_popup1","label":"Icon 1","default":"fa fa-twitter","info":"[Get icon in here](https:\/\/fontawesome.com\/v4.7.0\/icons)"},{"type":"url","id":"url_sc_popup1","label":"URL social 1"},{"type":"text","id":"icon_sc_popup2","label":"Icon 2","default":"fa fa-dribbble","info":"[Get icon in here](https:\/\/fontawesome.com\/v4.7.0\/icons)"},{"type":"url","id":"url_sc_popup2","label":"URL social 2"},{"type":"text","id":"icon_sc_popup3","label":"Icon 3","default":"fa fa-behance","info":"[Get icon in here](https:\/\/fontawesome.com\/v4.7.0\/icons)"},{"type":"url","id":"url_sc_popup3","label":"URL social 3"},{"type":"text","id":"icon_sc_popup4","label":"Icon 4","default":"fa fa-instagram","info":"[Get icon in here](https:\/\/fontawesome.com\/v4.7.0\/icons)"},{"type":"url","id":"url_sc_popup4","label":"URL social 4"},{"type":"header","content":"Info Right"},{"type":"checkbox","id":"enable_image_poup","label":"Enable image poup ?","default":true},{"type":"image_picker","id":"image_poup","label":"Image Popup","info":"318 x 400px .png recommended"}]},{"name":"Popup login","settings":[{"type":"header","content":"logo"},{"type":"image_picker","id":"pouplogin_logo","label":"Logo image","info":"135 x 32px .png recommended"},{"type":"range","id":"pouplogin_logo_maxwidth","min":100,"max":250,"step":5,"unit":"px","label":"Logo display width","default":135},{"type":"header","content":"Logo SVG Popup"},{"type":"textarea","id":"pouplogin_logo_svg","label":" SVG logo"},{"type":"text","id":"icon-rpas-loginpopup","label":"Icon Recover Password login popup","info":"[Get icon from here](https:\/\/fontawesome.com\/v4.7.0\/icons\/)","default":"ti-reload"},{"type":"text","id":"icon-register-loginpopup","label":"Icon Resgister login popup","info":"[Get icon from here](https:\/\/fontawesome.com\/v4.7.0\/icons\/)","default":"ti-pencil-alt"}]},{"name":"Colors","settings":[{"type":"header","content":"General colors"},{"type":"color","id":"color_main","label":"Body color","default":"#333333"},{"type":"color","id":"color_main2","label":"Color main 2","default":"#e5ae49"}]},{"name":"Fonts","settings":[{"type":"radio","id":"font_type","label":"Select font type:","options":[{"value":"normal_fonts","label":"Normal Fonts"},{"value":"google_fonts","label":"Google Fonts [Where do I find Google Fonts?](http:\/\/www.google.com\/fonts)"}],"default":"google_fonts"},{"type":"header","content":"SETTING GOOGLE FONTS"},{"type":"header","content":"Font 1"},{"type":"text","id":"fonts_name_1","label":"Google Fonts Name 1","default":"Poppins"},{"type":"header","content":"Font 2"},{"type":"text","id":"fonts_name_2","label":"Google Fonts Name 2","default":"Prata"},{"type":"header","content":"Font 3"},{"type":"text","id":"fonts_name_3","label":"Google Fonts Name 3","default":"Amatic SC"}]},{"name":"Header Mobile","settings":[{"type":"header","content":"Sticky menu"},{"type":"checkbox","id":"enable_sticky_mobile","label":"Enable?","default":true},{"type":"color","id":"bgmenu_mobile","label":"Background color menu mobile","default":"#fff"},{"type":"header","content":"Header Logo Mobile"},{"type":"image_picker","id":"logo_mobile","label":"Logo image","info":"100 x 24px .png recommended"},{"type":"range","id":"mobile_logo_maxwidth","min":50,"max":250,"step":5,"unit":"px","label":"Logo display width","default":100},{"type":"header","content":"Llogo SVG MObile"},{"type":"textarea","id":"logo_svgmobile","label":" SVG logo"}]},{"name":"Header","settings":[{"type":"header","content":"color content header"},{"type":"color","id":"hdv_color_text","label":"Color text","default":"#333"},{"type":"color","id":"hdv_color_text_hover","label":"Color text hover","default":"#48c8fd"},{"type":"color","id":"color_bgnumber_cart","label":"Color backgound number cart","default":"#48c8fd"},{"type":"color","id":"color_number_cart","label":"Color number cart","default":"#fff"},{"type":"color","id":"hdv_color_linkchildren","label":"Color children menu","default":"#555"},{"type":"color","id":"bg_color_menu_hd","label":"Background color menu","default":"#fff"},{"type":"color","id":"color_border_headerv1","label":"Color border bottom header v1","default":"#fff"},{"type":"color","id":"hdv6_color_text","label":"Color text and menu only header v6","default":"#000"},{"type":"color","id":"hdv5_color_text","label":"Color text and menu only header v5","default":"#fff"},{"type":"color","id":"color-list-icon-hd5","label":"Color list icon only header v5","default":"#fff"},{"type":"color","id":"colorbg-list-icon-hd5","label":"Color border list icon only header v5","default":"#fff"},{"type":"header","content":"Icon header"},{"type":"header","content":"Icon search"},{"type":"color","id":"color-list-icon","label":"Color list icon","default":"#000"},{"type":"color","id":"colorbg-list-icon","label":"Color border list icon","default":"#000"},{"type":"text","id":"hd_icon_search","label":"Icon search","info":"[Get icon from here](https:\/\/fontawesome.com\/v4.7.0\/icons\/)","default":"icon-icon-search"},{"type":"textarea","id":"hd_icon_search_svg","label":"Icon search SVG"},{"type":"header","content":"Icon login"},{"type":"text","id":"hd_icon_login","label":"Icon login","info":"[Get icon from here](https:\/\/fontawesome.com\/v4.7.0\/icons\/)","default":"icon-icon-user"},{"type":"textarea","id":"hd_icon_login_svg","label":"Icon login SVG"},{"type":"header","content":"Icon cart"},{"type":"text","id":"hd_icon_cart","label":"Icon cart","info":"[Get icon from here](https:\/\/fontawesome.com\/v4.7.0\/icons\/)","default":"icon-icon-cart"},{"type":"textarea","id":"hd_icon_cart_svg","label":"Icon cart SVG"}]},{"name":"Header v1","settings":[{"type":"header","content":"Sticky header"},{"type":"checkbox","id":"enable_sticky_hdv1","label":"Show?","default":true},{"type":"header","content":"Absolute header"},{"type":"checkbox","id":"hdv1_enable_absolute","label":"Show header absolute","default":true},{"type":"header","content":"Background"},{"type":"color","id":"hdv1_bg_header","label":"Background header","default":"#fff"},{"type":"header","content":"Logo"},{"type":"image_picker","id":"hdv1_logo","label":"Logo image","info":"140 x 46px .png recommended"},{"type":"range","id":"hdv1_logo_maxwidth","min":50,"max":300,"step":5,"unit":"px","label":"Logo display width","default":140},{"type":"textarea","id":"hdv1_logo_svg","label":"Logo svg"}]},{"name":"Header v2","settings":[{"type":"header","content":"Sticky header"},{"type":"checkbox","id":"enable_sticky_hdv2","label":"Show?","default":true},{"type":"header","content":"Background"},{"type":"color","id":"hdv2_bg_header","label":"Background header","default":"#fff"},{"type":"color","id":"hdv2_bg_header_sticky","label":"Background header sticky","default":"#fff"},{"type":"header","content":"Logo"},{"type":"image_picker","id":"hdv2_logo","label":"Logo image","info":"45 x 45px .png recommended"},{"type":"range","id":"hdv2_logo_maxwidth","min":100,"max":200,"step":5,"unit":"px","label":"Logo display width","default":135},{"type":"textarea","id":"hdv2_logo_svg","label":"Logo svg"}]},{"name":"Header v3","settings":[{"type":"header","content":"Sticky header"},{"type":"checkbox","id":"enable_sticky_hdv3","label":"Show?","default":true},{"type":"header","content":"Background"},{"type":"color","id":"hdv3_bg_header_sticky","label":"Background header sticky","default":"#fff"},{"type":"header","content":"Logo"},{"type":"image_picker","id":"hdv3_logo","label":"Logo image","info":"140 x 46px .png recommended"},{"type":"range","id":"hdv3_logo_maxwidth","min":50,"max":300,"step":5,"unit":"px","label":"Logo display width","default":140},{"type":"textarea","id":"hdv3_logo_svg","label":"Logo svg"}]},{"name":"Header v4","settings":[{"type":"header","content":"Absolute header"},{"type":"checkbox","id":"hdv4_enable_absolute","label":"Show header absolute","default":true},{"type":"header","content":"Sticky header"},{"type":"checkbox","id":"enable_sticky_hdv4","label":"Show?","default":true},{"type":"header","content":"Background"},{"type":"color","id":"hdv4_bg_header_sticky","label":"Background header sticky","default":"#fff"},{"type":"header","content":"Logo"},{"type":"image_picker","id":"hdv4_logo","label":"Logo image","info":"45 x 45px .png recommended"},{"type":"range","id":"hdv4_logo_maxwidth","min":100,"max":200,"step":5,"unit":"px","label":"Logo display width","default":135},{"type":"textarea","id":"hdv4_logo_svg","label":"Logo svg"}]},{"name":"Header v5","settings":[{"type":"header","content":"Sticky header"},{"type":"checkbox","id":"hdv5_enable_absolute","label":"Show header absolute","default":true},{"type":"checkbox","id":"enable_sticky_hdv5","label":"Show?","default":true},{"type":"header","content":"Background"},{"type":"color","id":"hdv5_bg_header_sticky","label":"Background header sticky","default":"#fff"},{"type":"header","content":"header left"},{"type":"text","id":"name_modal_menu_hdv5","label":"Name Modal menu ","default":"Menu"},{"type":"header","content":"Logo"},{"type":"image_picker","id":"hdv5_logo","label":"Logo image","info":"135 x 25px .png recommended"},{"type":"range","id":"hdv5_logo_maxwidth","min":100,"max":250,"step":5,"unit":"px","label":"Logo display width","default":135},{"type":"textarea","id":"hdv5_logo_svg","label":"Logo svg"}]},{"name":"Header v6","settings":[{"type":"header","content":"Sticky header"},{"type":"checkbox","id":"enable_sticky_hdv6","label":"Show?","default":true},{"type":"header","content":"Absolute header"},{"type":"checkbox","id":"hdv6_enable_absolute","label":"Show header absolute","default":true},{"type":"header","content":"Background"},{"type":"color","id":"hdv6_bg_header_sticky","label":"Background header sticky","default":"#fff"},{"type":"header","content":"Logo"},{"type":"image_picker","id":"hdv6_logo","label":"Logo image","info":"140 x 46px .png recommended"},{"type":"range","id":"hdv6_logo_maxwidth","min":50,"max":300,"step":5,"unit":"px","label":"Logo display width","default":140},{"type":"textarea","id":"hdv6_logo_svg","label":"Logo svg"}]},{"name":"Megamenu","settings":[{"type":"header","content":"MEGAMENU 1"},{"type":"text","id":"megamenu_s1_parent","info":"*lowercase","label":"Parent Name of the dropdown menu"},{"type":"select","id":"ms1_select","label":"Select Style for Megamenu","info":"[Click to view all design](https:\/\/cdn.shopify.com\/s\/files\/1\/0075\/7907\/4611\/files\/menu_image.png?106170)","options":[{"value":"m_s1","label":"Style 1"},{"value":"m_s2","label":"Style 2"},{"value":"m_s3","label":"Style 3"},{"value":"m_s4","label":"Style 4"}],"default":"m_s1"},{"type":"image_picker","id":"ms1_lc_img","label":"Banner image","info":"*only for Style 2 & Style 3"},{"type":"url","id":"ms1_lc_img_url","label":"URL Banner","default":"\/collections\/all"},{"type":"checkbox","id":"enable1_menubanner","label":"Show Banner?","default":true},{"type":"header","content":"MEGAMENU 1: Only for Style 4"},{"type":"image_picker","id":"megamenu1_bg_img","label":"Background Image"},{"type":"image_picker","id":"ms1_s4_img1","label":"Image 1"},{"type":"text","id":"megamenu1_block1_title","label":"name 1","default":"COLLECTION"},{"type":"url","id":"ms1_s4_url1","label":"URL 1","default":"\/collections\/all"},{"type":"image_picker","id":"ms1_s4_img2","label":"Image 2"},{"type":"text","id":"megamenu1_block2_title","label":"name 2","default":"COLLECTION"},{"type":"url","id":"ms1_s4_url2","label":"URL 2","default":"\/collections\/all"},{"type":"image_picker","id":"ms1_s4_img3","label":"Image 3"},{"type":"text","id":"megamenu1_block3_title","label":"name 3","default":"COLLECTION"},{"type":"url","id":"ms1_s4_url3","label":"URL 3","default":"\/collections\/all"},{"type":"image_picker","id":"ms1_s4_img4","label":"Image 4"},{"type":"text","id":"megamenu1_block4_title","label":"name 4","default":"COLLECTION"},{"type":"url","id":"ms1_s4_url4","label":"URL 4","default":"\/collections\/all"},{"type":"image_picker","id":"ms1_s4_img5","label":"Image 5"},{"type":"text","id":"megamenu1_block5_title","label":"name 5","default":"COLLECTION"},{"type":"url","id":"ms1_s4_url5","label":"URL 5","default":"\/collections\/all"},{"type":"image_picker","id":"ms1_s4_img6","label":"Image 6"},{"type":"text","id":"megamenu1_block6_title","label":"name 6","default":"COLLECTION"},{"type":"url","id":"ms1_s4_url6","label":"URL 6","default":"\/collections\/all"},{"type":"image_picker","id":"ms1_s4_img7","label":"Image 7"},{"type":"text","id":"megamenu1_block7_title","label":"name 7","default":"COLLECTION"},{"type":"url","id":"ms1_s4_url7","label":"URL 7","default":"\/collections\/all"},{"type":"image_picker","id":"ms1_s4_img8","label":"Image 8"},{"type":"text","id":"megamenu1_block8_title","label":"name 8","default":"COLLECTION"},{"type":"url","id":"ms1_s4_url8","label":"URL 8","default":"\/collections\/all"},{"type":"image_picker","id":"ms1_s4_img9","label":"Image 9"},{"type":"text","id":"megamenu1_block9_title","label":"name 9","default":"COLLECTION"},{"type":"url","id":"ms1_s4_url9","label":"URL 9","default":"\/collections\/all"},{"type":"image_picker","id":"ms1_s4_img10","label":"Image 10"},{"type":"text","id":"megamenu1_block10_title","label":"name 10","default":"COLLECTION"},{"type":"url","id":"ms1_s4_url10","label":"URL 10","default":"\/collections\/all"},{"type":"header","content":"MEGAMENU 2"},{"type":"text","id":"megamenu_s2_parent","info":"*lowercase","label":"Parent Name of the dropdown menu"},{"type":"image_picker","id":"megamenu2_bg_img","label":"Background Image"},{"type":"select","id":"ms2_select","label":"Select Style for Megamenu","info":"[Click to view all design](https:\/\/cdn.shopify.com\/s\/files\/1\/0075\/7907\/4611\/files\/blog_detail2.jpg?37370)","options":[{"value":"m_s1","label":"Style 1"},{"value":"m_s2","label":"Style 2"},{"value":"m_s3","label":"Style 3"},{"value":"m_s4","label":"Style 4"}],"default":"m_s1"},{"type":"image_picker","id":"ms2_lc_img","label":"Banner image","info":"*only for Style 2 & Style 3"},{"type":"url","id":"ms2_lc_img_url","label":"URL Banner","default":"\/collections\/all"},{"type":"checkbox","id":"enable2_menubanner","label":"Show Banner?","default":true},{"type":"header","content":"MEGAMENU 2: Only for Style 4"},{"type":"image_picker","id":"ms2_s4_img1","label":"Image 1"},{"type":"text","id":"megamenu2_block1_title","label":"name 1","default":"COLLECTION"},{"type":"url","id":"ms2_s4_url1","label":"URL 1","default":"\/collections\/all"},{"type":"image_picker","id":"ms2_s4_img2","label":"Image 2"},{"type":"text","id":"megamenu2_block2_title","label":"name 2","default":"COLLECTION"},{"type":"url","id":"ms2_s4_url2","label":"URL 2","default":"\/collections\/all"},{"type":"image_picker","id":"ms2_s4_img3","label":"Image 3"},{"type":"text","id":"megamenu2_block3_title","label":"name 3","default":"COLLECTION"},{"type":"url","id":"ms2_s4_url3","label":"URL 3","default":"\/collections\/all"},{"type":"image_picker","id":"ms2_s4_img4","label":"Image 4"},{"type":"text","id":"megamenu2_block4_title","label":"name 4","default":"COLLECTION"},{"type":"url","id":"ms2_s4_url4","label":"URL 4","default":"\/collections\/all"},{"type":"image_picker","id":"ms2_s4_img5","label":"Image 5"},{"type":"text","id":"megamenu2_block5_title","label":"name 5","default":"COLLECTION"},{"type":"url","id":"ms2_s4_url5","label":"URL 5","default":"\/collections\/all"},{"type":"image_picker","id":"ms2_s4_img6","label":"Image 6"},{"type":"text","id":"megamenu2_block6_title","label":"name 6","default":"COLLECTION"},{"type":"url","id":"ms2_s4_url6","label":"URL 6","default":"\/collections\/all"},{"type":"image_picker","id":"ms2_s4_img7","label":"Image 7"},{"type":"text","id":"megamenu2_block7_title","label":"name 7","default":"COLLECTION"},{"type":"url","id":"ms2_s4_url7","label":"URL 7","default":"\/collections\/all"},{"type":"image_picker","id":"ms2_s4_img8","label":"Image 8"},{"type":"text","id":"megamenu2_block8_title","label":"name 8","default":"COLLECTION"},{"type":"url","id":"ms2_s4_url8","label":"URL 8","default":"\/collections\/all"},{"type":"image_picker","id":"ms2_s4_img9","label":"Image 9"},{"type":"text","id":"megamenu2_block9_title","label":"name 9","default":"COLLECTION"},{"type":"url","id":"ms2_s4_url9","label":"URL 9","default":"\/collections\/all"},{"type":"image_picker","id":"ms2_s4_img10","label":"Image 10"},{"type":"text","id":"megamenu2_block10_title","label":"name 10","default":"COLLECTION"},{"type":"url","id":"ms2_s4_url10","label":"URL 10","default":"\/collections\/all"},{"type":"header","content":"MEGAMENU 3"},{"type":"text","id":"megamenu_s3_parent","info":"*lowercase","label":"Parent Name of the dropdown menu"},{"type":"select","id":"ms3_select","label":"Select Style for Megamenu","info":"[Click to view all design](https:\/\/cdn.shopify.com\/s\/files\/1\/0075\/7907\/4611\/files\/blog_detail2.jpg?37370)","options":[{"value":"m_s1","label":"Style 1"},{"value":"m_s2","label":"Style 2"},{"value":"m_s3","label":"Style 3"},{"value":"m_s4","label":"Style 4"}],"default":"m_s1"},{"type":"image_picker","id":"megamenu3_bg_img","label":"Background Image"},{"type":"image_picker","id":"ms3_lc_img","label":"Banner image","info":"*only for Style 2 & Style 3"},{"type":"url","id":"ms3_lc_img_url","label":"URL Banner","default":"\/collections\/all"},{"type":"checkbox","id":"enable3_menubanner","label":"Show Banner?","default":true},{"type":"header","content":"MEGAMENU 3: Only for Style 4"},{"type":"image_picker","id":"ms3_s4_img1","label":"Image 1"},{"type":"text","id":"megamenu3_block1_title","label":"name 1","default":"COLLECTION"},{"type":"url","id":"ms3_s4_url1","label":"URL 1","default":"\/collections\/all"},{"type":"image_picker","id":"ms3_s4_img2","label":"Image 2"},{"type":"text","id":"megamenu3_block2_title","label":"name 2","default":"COLLECTION"},{"type":"url","id":"ms3_s4_url2","label":"URL 2","default":"\/collections\/all"},{"type":"image_picker","id":"ms3_s4_img3","label":"Image 3"},{"type":"text","id":"megamenu3_block3_title","label":"name 3","default":"COLLECTION"},{"type":"url","id":"ms3_s4_url3","label":"URL 3","default":"\/collections\/all"},{"type":"image_picker","id":"ms3_s4_img4","label":"Image 4"},{"type":"text","id":"megamenu3_block4_title","label":"name 4","default":"COLLECTION"},{"type":"url","id":"ms3_s4_url4","label":"URL 4","default":"\/collections\/all"},{"type":"image_picker","id":"ms3_s4_img5","label":"Image 5"},{"type":"text","id":"megamenu3_block5_title","label":"name 5","default":"COLLECTION"},{"type":"url","id":"ms3_s4_url5","label":"URL 5","default":"\/collections\/all"},{"type":"image_picker","id":"ms3_s4_img6","label":"Image 6"},{"type":"text","id":"megamenu3_block6_title","label":"name 6","default":"COLLECTION"},{"type":"url","id":"ms3_s4_url6","label":"URL 6","default":"\/collections\/all"},{"type":"text","id":"megamenu3_block7_title","label":"name 7","default":"COLLECTION"},{"type":"image_picker","id":"ms3_s4_img7","label":"Image 7"},{"type":"url","id":"ms3_s4_url7","label":"URL 7","default":"\/collections\/all"},{"type":"image_picker","id":"ms3_s4_img8","label":"Image 8"},{"type":"text","id":"megamenu3_block8_title","label":"name 8","default":"COLLECTION"},{"type":"url","id":"ms3_s4_url8","label":"URL 8","default":"\/collections\/all"},{"type":"image_picker","id":"ms3_s4_img9","label":"Image 9"},{"type":"text","id":"megamenu3_block9_title","label":"name 9","default":"COLLECTION"},{"type":"url","id":"ms3_s4_url9","label":"URL 9","default":"\/collections\/all"},{"type":"image_picker","id":"ms3_s4_img10","label":"Image 10"},{"type":"text","id":"megamenu3_block10_title","label":"name 10","default":"COLLECTION"},{"type":"url","id":"ms3_s4_url10","label":"URL 10","default":"\/collections\/all"},{"type":"header","content":"MEGAMENU 4"},{"type":"text","id":"megamenu_s4_parent","info":"*lowercase","label":"Parent Name of the dropdown menu"},{"type":"select","id":"ms4_select","label":"Select Style for Megamenu","info":"[Click to view all design](https:\/\/cdn.shopify.com\/s\/files\/1\/0075\/7907\/4611\/files\/blog_detail2.jpg?37370)","options":[{"value":"m_s1","label":"Style 1"},{"value":"m_s2","label":"Style 2"},{"value":"m_s3","label":"Style 3"},{"value":"m_s4","label":"Style 4"}],"default":"m_s1"},{"type":"image_picker","id":"megamenu4_bg_img","label":"Background Image"},{"type":"image_picker","id":"ms4_lc_img","label":"Banner image","info":"*only for Style 2 & Style 3"},{"type":"url","id":"ms4_lc_img_url","label":"URL Banner","default":"\/collections\/all"},{"type":"checkbox","id":"enable4_menubanner","label":"Show Banner?","default":true},{"type":"header","content":"MEGAMENU 4: Only for Style 4"},{"type":"image_picker","id":"ms4_s4_img1","label":"Image 1"},{"type":"text","id":"megamenu4_block1_title","label":"name 1","default":"DEFAULT"},{"type":"url","id":"ms4_s4_url1","label":"URL 1","default":"\/collections\/all"},{"type":"image_picker","id":"ms4_s4_img2","label":"Image 2"},{"type":"text","id":"megamenu4_block2_title","label":"name 2","default":"MINIMAL"},{"type":"url","id":"ms4_s4_url2","label":"URL 2","default":"\/collections\/all"},{"type":"image_picker","id":"ms4_s4_img3","label":"Image 3"},{"type":"text","id":"megamenu4_block3_title","label":"name 3","default":"KIDS STORE"},{"type":"url","id":"ms4_s4_url3","label":"URL 3","default":"\/collections\/all"},{"type":"image_picker","id":"ms4_s4_img4","label":"Image 4"},{"type":"text","id":"megamenu4_block4_title","label":"name 4","default":"CLASSIC"},{"type":"url","id":"ms4_s4_url4","label":"URL 4","default":"\/collections\/all"},{"type":"image_picker","id":"ms4_s4_img5","label":"Image 5"},{"type":"text","id":"megamenu4_block5_title","label":"name 5","default":"MODERN"},{"type":"url","id":"ms4_s4_url5","label":"URL 5","default":"\/collections\/all"},{"type":"image_picker","id":"ms4_s4_img6","label":"Image 6"},{"type":"text","id":"megamenu4_block6_title","label":"name 5","default":"COLLECTION"},{"type":"url","id":"ms4_s4_url6","label":"URL 6","default":"\/collections\/all"},{"type":"image_picker","id":"ms4_s4_img7","label":"Image 7"},{"type":"text","id":"megamenu4_block7_title","label":"name 5","default":"COLLECTION"},{"type":"url","id":"ms4_s4_url7","label":"URL 7","default":"\/collections\/all"},{"type":"image_picker","id":"ms4_s4_img8","label":"Image 8"},{"type":"text","id":"megamenu4_block8_title","label":"name 5","default":"COLLECTION"},{"type":"url","id":"ms4_s4_url8","label":"URL 8","default":"\/collections\/all"},{"type":"image_picker","id":"ms4_s4_img9","label":"Image 9"},{"type":"text","id":"megamenu4_block9_title","label":"name 5","default":"COLLECTION"},{"type":"url","id":"ms4_s4_url9","label":"URL 9","default":"\/collections\/all"},{"type":"image_picker","id":"ms4_s4_img10","label":"Image 10"},{"type":"text","id":"megamenu4_block10_title","label":"name 10","default":"COLLECTION"},{"type":"url","id":"ms4_s4_url10","label":"URL 10","default":"\/collections\/all"},{"type":"header","content":"MEGAMENU 5"},{"type":"text","id":"megamenu_s5_parent","info":"*lowercase","label":"Parent Name of the dropdown menu"},{"type":"select","id":"ms5_select","label":"Select Style for Megamenu","info":"[Click to view all design](https:\/\/cdn.shopify.com\/s\/files\/1\/0075\/7907\/4611\/files\/blog_detail2.jpg?37370)","options":[{"value":"m_s1","label":"Style 1"},{"value":"m_s2","label":"Style 2"},{"value":"m_s3","label":"Style 3"},{"value":"m_s4","label":"Style 4"}],"default":"m_s1"},{"type":"image_picker","id":"megamenu5_bg_img","label":"Background Image"},{"type":"image_picker","id":"ms5_lc_img","label":"Banner image","info":"*only for Style 2 & Style 3"},{"type":"url","id":"ms5_lc_img_url","label":"URL Banner","default":"\/collections\/all"},{"type":"checkbox","id":"enable5_menubanner","label":"Show Banner?","default":true},{"type":"header","content":"MEGAMENU 5: Only for Style 4"},{"type":"image_picker","id":"ms5_s4_img1","label":"Image 1"},{"type":"text","id":"megamenu5_block1_title","label":"name 1","default":"COLLECTION"},{"type":"url","id":"ms5_s4_url1","label":"URL 1","default":"\/collections\/all"},{"type":"image_picker","id":"ms5_s4_img2","label":"Image 2"},{"type":"text","id":"megamenu5_block2_title","label":"name 2","default":"COLLECTION"},{"type":"url","id":"ms5_s4_url2","label":"URL 2","default":"\/collections\/all"},{"type":"image_picker","id":"ms5_s4_img3","label":"Image 3"},{"type":"text","id":"megamenu5_block3_title","label":"name 4","default":"COLLECTION"},{"type":"url","id":"ms5_s4_url3","label":"URL 3","default":"\/collections\/all"},{"type":"image_picker","id":"ms5_s4_img4","label":"Image 4"},{"type":"text","id":"megamenu5_block4_title","label":"name 4","default":"COLLECTION"},{"type":"url","id":"ms5_s4_url4","label":"URL 4","default":"\/collections\/all"},{"type":"image_picker","id":"ms5_s4_img5","label":"Image 5"},{"type":"text","id":"megamenu5_block5_title","label":"name 5","default":"COLLECTION"},{"type":"url","id":"ms5_s4_url5","label":"URL 5","default":"\/collections\/all"},{"type":"image_picker","id":"ms5_s4_img6","label":"Image 6"},{"type":"text","id":"megamenu5_block6_title","label":"name 6","default":"COLLECTION"},{"type":"url","id":"ms5_s4_url6","label":"URL 6","default":"\/collections\/all"},{"type":"image_picker","id":"ms5_s4_img7","label":"Image 7"},{"type":"text","id":"megamenu5_block7_title","label":"name 7","default":"COLLECTION"},{"type":"url","id":"ms5_s4_url7","label":"URL 7","default":"\/collections\/all"},{"type":"image_picker","id":"ms5_s4_img8","label":"Image 8"},{"type":"text","id":"megamenu5_block8_title","label":"name 8","default":"COLLECTION"},{"type":"url","id":"ms5_s4_url8","label":"URL 8","default":"\/collections\/all"},{"type":"image_picker","id":"ms5_s4_img9","label":"Image 9"},{"type":"text","id":"megamenu5_block9_title","label":"name 91","default":"COLLECTION"},{"type":"url","id":"ms5_s4_url9","label":"URL 9","default":"\/collections\/all"},{"type":"image_picker","id":"ms5_s4_img10","label":"Image 10"},{"type":"text","id":"megamenu5_block10_title","label":"name 10","default":"COLLECTION"},{"type":"url","id":"ms5_s4_url10","label":"URL 10","default":"\/collections\/all"}]},{"name":"Footer v1","settings":[{"type":"header","info":"MailChimp form action URL: Setting in Login Store > Customize theme >Theme settings tab > Mailchimp","content":"Footer Column 4"},{"type":"header","content":"setting color footer"},{"type":"color","id":"color_background_fv1","label":"Color background V1","default":"#161616"},{"type":"color","id":"color_title_fv1","label":"Color title V1","default":"#fff"},{"type":"color","id":"color_content_fv1","label":"Color content V1","default":"#868686"},{"type":"color","id":"color_bgsocial_fv1","label":"Color background social V1","default":"#222"},{"type":"color","id":"color_border_bottom_top_fv1","label":"Color border bottom top ","default":"#2a2a2a"},{"type":"color","id":"color_placehover_fv1","label":"Color placehover newlwter footer ","default":"#495057"},{"type":"color","id":"color_border-newleter-fv1","label":"Color border newletter footer ","default":"#909090"},{"type":"header","content":"Footer Top"},{"type":"text","id":"titlecolum_fv1_1","label":"Title Colum 1","default":"HELP & INFORMATION"},{"type":"link_list","id":"menu_fv1_1","label":"Select Menu colum 1"},{"type":"text","id":"titlecolum_fv1_2","label":"Title Colum 2","default":"About us"},{"type":"link_list","id":"menu_fv1_2","label":"Select Menu colum 2"},{"type":"text","id":"titlecolum_fv1_3","label":"Title Colum 3","default":"Categories"},{"type":"link_list","id":"menu_fv1_3","label":"Select Menu colum 3"},{"type":"text","id":"titlecolum_fv1_4","label":"Title Colum 4","default":"The good stuff in your inbox"},{"type":"textarea","id":"content_colum_fv1_4","label":"Content Colum 4","default":"News & updates from EvelandStore.<br>No spam, we promise."},{"type":"header","content":"Social"},{"type":"text","id":"icon_sc_fv1_1","label":"Icon 1","default":"fa fa-twitter","info":"[Get icon in here](https:\/\/fontawesome.com\/v4.7.0\/icons)"},{"type":"url","id":"url_sc_fv1_1","label":"URL social 1"},{"type":"text","id":"icon_sc_fv1_2","label":"Icon 2","default":"fa fa-dribbble","info":"[Get icon in here](https:\/\/fontawesome.com\/v4.7.0\/icons)"},{"type":"url","id":"url_sc_fv1_2","label":"URL social 2"},{"type":"text","id":"icon_sc_fv1_3","label":"Icon 3","default":"fa fa-behance","info":"[Get icon in here](https:\/\/fontawesome.com\/v4.7.0\/icons)"},{"type":"url","id":"url_sc_fv1_3","label":"URL social 3"},{"type":"text","id":"icon_sc_fv1_4","label":"Icon 4","default":"fa fa-instagram","info":"[Get icon in here](https:\/\/fontawesome.com\/v4.7.0\/icons)"},{"type":"url","id":"url_sc_fv1_4","label":"URL social 4"},{"type":"header","content":"Footer Bottom"},{"type":"checkbox","id":"enable_fv1_bottom","label":"Enable?","default":true},{"type":"textarea","id":"fv1_bottom_copyright","label":"Copyright content"},{"type":"image_picker","id":"fv1_bottom_payment_img","label":"Payment image"}]},{"name":"Footer v2","settings":[{"type":"header","content":"setting color footer"},{"type":"color","id":"color_bordertop_fv2","label":"Color border top V2","default":"#e5e5e5"},{"type":"color","id":"color_title_fv2","label":"Color title V2","default":"#333333"},{"type":"color","id":"color_content_fv2","label":"Color content V2","default":"#919191"},{"type":"color","id":"color_border_fv2","label":"Color border bottom V2","default":"#e1e1e1"},{"type":"color","id":"color-button-emailfv2","label":"Color button mail V2","default":"#fff"},{"type":"color","id":"color_social_fv2","label":"Color social V1","default":"#000"},{"type":"header","content":"Footer Column 1"},{"type":"header","content":"setting logo"},{"type":"image_picker","id":"fv2_main_logo","label":"Logo image","info":"160 x 46px .png recommended"},{"type":"range","id":"fv2_main_logo_maxwidth","min":100,"max":200,"step":5,"unit":"px","label":"Logo display width","default":160},{"type":"textarea","id":"logo_svg2","label":" SVG logo"},{"type":"text","id":"content_col1_fv2","label":"Description","default":"Be the first who learns about our great promotions!"},{"type":"header","content":"Social"},{"type":"text","id":"icon_sc_fv2_1","label":"Icon 1","default":"fa fa-twitter","info":"[Get icon in here](https:\/\/fontawesome.com\/v4.7.0\/icons)"},{"type":"url","id":"url_sc_fv2_1","label":"URL social 1"},{"type":"text","id":"icon_sc_fv2_2","label":"Icon 2","default":"fa fa-dribbble","info":"[Get icon in here](https:\/\/fontawesome.com\/v4.7.0\/icons)"},{"type":"url","id":"url_sc_fv2_2","label":"URL social 2"},{"type":"text","id":"icon_sc_fv2_3","label":"Icon 3","default":"fa fa-behance","info":"[Get icon in here](https:\/\/fontawesome.com\/v4.7.0\/icons)"},{"type":"url","id":"url_sc_fv2_3","label":"URL social 3"},{"type":"text","id":"icon_sc_fv2_4","label":"Icon 4","default":"fa fa-instagram","info":"[Get icon in here](https:\/\/fontawesome.com\/v4.7.0\/icons)"},{"type":"url","id":"url_sc_fv2_4","label":"URL social 4"},{"type":"header","content":"Footer col 2"},{"type":"text","id":"titlecolum_fv2_1","label":"Title Colum 2","default":"MAN"},{"type":"link_list","id":"menu_fv2_1","label":"Select Menu colum 2"},{"type":"header","content":"Footer col 3"},{"type":"text","id":"titlecolum_fv2_2","label":"Title Colum 3","default":"WOMEN"},{"type":"link_list","id":"menu_fv2_2","label":"Select Menu colum 3"},{"type":"header","content":"Footer col 4"},{"type":"text","id":"titlecolum_fv2_3","label":"Title Colum 4","default":"SHIPPING"},{"type":"link_list","id":"menu_fv2_3","label":"Select Menu colum 4"}]},{"name":"Footer v3","settings":[{"type":"color","id":"color_bg_fv3","label":"Color background","default":"#f4f4f4"},{"type":"color","id":"color_menu_fv3","label":"Color menu","default":"#333333"},{"type":"color","id":"color_hover_menu_fv3","label":"Color hover menu","default":"#000"},{"type":"color","id":"color_copyright_fv3","label":"Color copyright","default":"#aaa9a9"},{"type":"color","id":"color_social_ok_fv3","label":"Color social","default":"#fff"},{"type":"color","id":"color_bgsocial_fv3","label":"Color background social","default":"#222222"},{"type":"header","content":"setting logo"},{"type":"image_picker","id":"fv3_main_logo","label":"Logo image","info":"75 x 75px .png recommended"},{"type":"range","id":"fv3_main_logo_maxwidth","min":100,"max":200,"step":5,"unit":"px","label":"Logo display width","default":135},{"type":"textarea","id":"logo_svg3","label":" SVG logo"},{"type":"header","content":"setting menu"},{"type":"link_list","id":"menu_fv3","label":"Select Menu footer"},{"type":"header","content":"Social"},{"type":"text","id":"icon_sc_fv3_1","label":"Icon 1","default":"fa fa-twitter","info":"[Get icon in here](https:\/\/fontawesome.com\/v4.7.0\/icons)"},{"type":"url","id":"url_sc_fv3_1","label":"URL social 1"},{"type":"text","id":"icon_sc_fv3_2","label":"Icon 2","default":"fa fa-dribbble","info":"[Get icon in here](https:\/\/fontawesome.com\/v4.7.0\/icons)"},{"type":"url","id":"url_sc_fv3_2","label":"URL social 2"},{"type":"text","id":"icon_sc_fv3_3","label":"Icon 3","default":"fa fa-behance","info":"[Get icon in here](https:\/\/fontawesome.com\/v4.7.0\/icons)"},{"type":"url","id":"url_sc_fv3_3","label":"URL social 3"},{"type":"text","id":"icon_sc_fv3_4","label":"Icon 4","default":"fa fa-instagram","info":"[Get icon in here](https:\/\/fontawesome.com\/v4.7.0\/icons)"},{"type":"url","id":"url_sc_fv3_4","label":"URL social 4"},{"type":"textarea","id":"fv3_bottom_copyright","label":"Copyright content"}]},{"name":"Footer v4","settings":[{"type":"header","content":"setting color footer"},{"type":"color","id":"color_background_fv4","label":"Color background V4","default":"#f8f8f8"},{"type":"color","id":"color_title_fv4","label":"Color title V4","default":"#000"},{"type":"color","id":"color_content_fv4","label":"Color content V4","default":"#868686"},{"type":"color","id":"color_border_bottom_top_fv4","label":"Color border bottom top ","default":"#e3e3e3"},{"type":"header","content":"Footer Top"},{"type":"text","id":"titlecolum_fv4_1","label":"Title Colum 1","default":"HELP & INFORMATION"},{"type":"link_list","id":"menu_fv4_1","label":"Select Menu colum 1"},{"type":"text","id":"titlecolum_fv4_2","label":"Title Colum 2","default":"About us"},{"type":"link_list","id":"menu_fv4_2","label":"Select Menu colum 2"},{"type":"text","id":"titlecolum_fv4_3","label":"Title Colum 3","default":"Categories"},{"type":"link_list","id":"menu_fv4_3","label":"Select Menu colum 3"},{"type":"header","content":"setting logo"},{"type":"image_picker","id":"fv4_main_logo","label":"Logo image","info":"160 x 46px .png recommended"},{"type":"range","id":"fv4_main_logo_maxwidth","min":80,"max":200,"step":5,"unit":"px","label":"Logo display width","default":160},{"type":"textarea","id":"logo_svg4","label":" SVG logo"},{"type":"textarea","id":"content_colum_fv4_4","label":"Content Colum 4","default":"Be the first who learns about our<br>great promotions!"},{"type":"header","content":"Social"},{"type":"text","id":"icon_sc_fv4_1","label":"Icon 1","default":"fa fa-twitter","info":"[Get icon in here](https:\/\/fontawesome.com\/v4.7.0\/icons)"},{"type":"url","id":"url_sc_fv4_1","label":"URL social 1"},{"type":"text","id":"icon_sc_fv4_2","label":"Icon 2","default":"fa fa-dribbble","info":"[Get icon in here](https:\/\/fontawesome.com\/v4.7.0\/icons)"},{"type":"url","id":"url_sc_fv4_2","label":"URL social 2"},{"type":"text","id":"icon_sc_fv4_3","label":"Icon 3","default":"fa fa-behance","info":"[Get icon in here](https:\/\/fontawesome.com\/v4.7.0\/icons)"},{"type":"url","id":"url_sc_fv4_3","label":"URL social 3"},{"type":"text","id":"icon_sc_fv4_4","label":"Icon 4","default":"fa fa-instagram","info":"[Get icon in here](https:\/\/fontawesome.com\/v4.7.0\/icons)"},{"type":"url","id":"url_sc_fv4_4","label":"URL social 4"},{"type":"header","content":"Footer Bottom"},{"type":"checkbox","id":"enable_fv4_bottom","label":"Enable?","default":true},{"type":"textarea","id":"fv4_bottom_copyright","label":"Copyright content"},{"type":"image_picker","id":"fv4_bottom_payment_img","label":"Payment image"}]},{"name":"Footer v5","settings":[{"type":"header","content":"setting color footer"},{"type":"color","id":"color_background_fv5","label":"Color background V5","default":"#212121"},{"type":"color","id":"color_content_fv5","label":"Color content V5","default":"#9e9e9e"},{"type":"color","id":"color_border_social_fv5","label":"Color border social top ","default":"#363636"},{"type":"color","id":"color_social_fv5","label":"Color social top ","default":"#fff"},{"type":"header","content":"Footer menu"},{"type":"link_list","id":"menu_fv5_1","label":"Select Menu"},{"type":"header","content":"setting logo"},{"type":"image_picker","id":"fv5_main_logo","label":"Logo image","info":"45 x 45px .png recommended"},{"type":"range","id":"fv5_main_logo_maxwidth","min":80,"max":200,"step":5,"unit":"px","label":"Logo display width","default":135},{"type":"textarea","id":"logo_svg5","label":" SVG logo"},{"type":"textarea","id":"content_colum_fv5_4","label":"Content right","default":"E : Sayhello@fiturj.com"},{"type":"header","content":"Social"},{"type":"text","id":"icon_sc_fv5_1","label":"Icon 1","default":"fa fa-twitter","info":"[Get icon in here](https:\/\/fontawesome.com\/v4.7.0\/icons)"},{"type":"url","id":"url_sc_fv5_1","label":"URL social 1"},{"type":"text","id":"icon_sc_fv5_2","label":"Icon 2","default":"fa fa-dribbble","info":"[Get icon in here](https:\/\/fontawesome.com\/v4.7.0\/icons)"},{"type":"url","id":"url_sc_fv5_2","label":"URL social 2"},{"type":"text","id":"icon_sc_fv5_3","label":"Icon 3","default":"fa fa-behance","info":"[Get icon in here](https:\/\/fontawesome.com\/v4.7.0\/icons)"},{"type":"url","id":"url_sc_fv5_3","label":"URL social 3"},{"type":"text","id":"icon_sc_fv5_4","label":"Icon 4","default":"fa fa-instagram","info":"[Get icon in here](https:\/\/fontawesome.com\/v4.7.0\/icons)"},{"type":"url","id":"url_sc_fv5_4","label":"URL social 4"}]},{"name":"Product","settings":[{"type":"header","content":"Product swatch"},{"type":"radio","id":"po_style","label":"Product Options Style?","options":[{"value":"po_dropdown","label":"Select Dropdown List"},{"value":"po_swatchs","label":"Color Swatches"}],"default":"po_swatchs"},{"type":"header","content":"Product Label"},{"type":"checkbox","id":"show_new_label","label":"Enable Label New?","info":"You need \"Publish date product < New time\". New time setting underneath","default":true},{"type":"text","id":"product_new_time","label":"New time(day)","default":"69"},{"type":"text","id":"new_label_name","label":"Label Name","default":"New"},{"type":"color","id":"new_label_color","label":"Label background color","default":"#41cce5"},{"type":"color","id":"new_label_text_color","label":"Text color","default":"#ffffff"},{"type":"checkbox","id":"show_sale_label","label":"Enable Label Sale?","info":"You need \"Price < Compare at price\" in product","default":true},{"type":"text","id":"sale_label_name","label":"Label Name","default":"Sale"},{"type":"color","id":"sale_label_color","label":"Label background color","default":"#ff4949"},{"type":"color","id":"sale_label_text_color","label":"Text color","default":"#ffffff"},{"type":"header","content":"Product Icon Action"},{"type":"header","content":"Wishlist"},{"type":"text","id":"pia_wishlist","label":"Icon","info":"[Get icon from here](https:\/\/fontawesome.com\/v4.7.0\/icons\/)","default":"fa fa-heart-o"},{"type":"text","id":"pia_wishlist_name","label":"Name","default":"Add to Wishlist"},{"type":"header","content":"Quick view"},{"type":"text","id":"pia_quickview","label":"Icon","info":"[Get icon from here](https:\/\/fontawesome.com\/v4.7.0\/icons\/)","default":"ti-search"},{"type":"text","id":"pia_quickview_name","label":"Name","default":"Quickview"},{"type":"header","content":"Select Option"},{"type":"text","id":"pia_selectoption","label":"Icon","info":"[Get icon from here](https:\/\/fontawesome.com\/v4.7.0\/icons\/)","default":"ti-more-alt"},{"type":"text","id":"pia_selectoption_name","label":"Name","default":"Select Option"},{"type":"header","content":"Add To Cart"},{"type":"text","id":"pia_addcart","label":"Icon","info":"[Get icon from here](https:\/\/fontawesome.com\/v4.7.0\/icons\/)","default":"icon-icon-cart"},{"type":"text","id":"pia_addcart_name","label":"Name","default":"Add to Cart"},{"type":"header","content":"Sold Out"},{"type":"text","id":"pia_sold","label":"Icon","info":"[Get icon from here](https:\/\/fontawesome.com\/v4.7.0\/icons\/)","default":"ti-close"},{"type":"text","id":"pia_sold_name","label":"Name","default":"View more"}]},{"name":"404 Page","settings":[{"type":"image_picker","id":"error_bg_img","label":"Image"}]},{"name":"Password Page","settings":[{"type":"image_picker","id":"password_img","label":"Background image","info":"1920 x 1200px recommended"},{"type":"text","id":"password_title","label":"Title password page","default":"COMING SOON"},{"type":"text","id":"description_password_title","label":"description password page","default":"We Working On This Page"},{"type":"header","content":"Social"},{"type":"text","id":"icon_pass_1","label":"Icon 1","default":"fa fa-twitter","info":"[Get icon in here](https:\/\/fontawesome.com\/v4.7.0\/icons)"},{"type":"url","id":"url_pass_1","label":"URL social 1"},{"type":"text","id":"icon_pass_2","label":"Icon 2","default":"fa fa-dribbble","info":"[Get icon in here](https:\/\/fontawesome.com\/v4.7.0\/icons)"},{"type":"url","id":"url_pass_2","label":"URL social 2"},{"type":"text","id":"icon_pass_3","label":"Icon 3","default":"fa fa-behance","info":"[Get icon in here](https:\/\/fontawesome.com\/v4.7.0\/icons)"},{"type":"url","id":"url_pass_3","label":"URL social 3"},{"type":"text","id":"icon_pass_4","label":"Icon 4","default":"fa fa-instagram","info":"[Get icon in here](https:\/\/fontawesome.com\/v4.7.0\/icons)"},{"type":"url","id":"url_pass_4","label":"URL social 4"}]},{"name":"MailChimp","settings":[{"type":"text","id":"newsletter_form_action","label":"MailChimp form action URL","info":"[Where do I find my MailChimp form action URL?](http:\/\/docs.shopify.com\/support\/configuration\/store-customization\/where-do-i-get-my-mailchimp-form-action)"}]},{"name":"Google Maps","settings":[{"id":"gmap_key","type":"text","default":"AIzaSyCEkQ6AW_lnHAzPiXPdSNy1GKXiI1I9AGg","info":"If your store experiences more than 2,500 visitors a day, you’ll need to generate both [JavaScript](https:\/\/developers.google.com\/maps\/documentation\/javascript\/get-api-key) and [Geocoding](https:\/\/developers.google.com\/maps\/documentation\/geocoding\/get-api-key) API keys","label":"Google Maps API key"},{"type":"text","id":"gmap_latitude","label":"Google Map Latitude","default":"33.3209127"},{"type":"text","id":"gmap_longitude","label":"Google Map Longitude","default":"-111.8005377"}]}]